# id,Prediction1,Prediction2
1.0,40.0,1.153
2.0,14.2,1.1128
3.0,48.3,1.4499
4.0,27.4,0.4085
5.0,62.6,1.1455
6.0,70.8,1.4105
7.0,65.0,0.8966
8.0,66.8,1.2691
9.0,73.9,0.8576
10.0,32.5,0.2783
11.0,24.0,1.279
12.0,21.8,1.2093
13.0,20.8,1.2446
14.0,55.1,1.7628
15.0,64.1,0.9209
16.0,36.8,0.3566
17.0,74.0,0.9087
18.0,18.9,1.3251
19.0,33.9,0.8771
20.0,63.1,0.4322
21.0,79.7,1.1342
22.0,48.9,0.9226
23.0,42.6,0.4179
24.0,20.4,1.0195
25.0,57.9,0.9063
26.0,64.9,1.0405
27.0,50.7,1.3138
28.0,57.0,0.4434
29.0,71.3,1.5723
30.0,80.3,0.9532
31.0,55.5,1.5636
32.0,55.9,0.8142
33.0,36.4,1.2596
34.0,47.7,1.093
35.0,42.6,0.5595
36.0,56.5,1.9018
37.0,53.0,1.9097
38.0,56.4,1.9349
39.0,79.4,1.2224
40.0,18.2,0.9832
41.0,41.1,0.3451
42.0,75.5,1.172
43.0,20.5,0.8672
44.0,35.1,1.3919
45.0,18.5,1.0189
46.0,75.7,1.0693
47.0,55.006177341758786,0.8909335584081366
48.0,49.4,1.1354
49.0,23.0,0.977
50.0,61.6,1.9067
51.0,28.5,1.531
52.0,35.7,0.9329
53.0,46.5,1.1917
54.0,49.5,1.5022
55.0,31.8,0.4798
56.0,54.5,1.3682
57.0,28.2,1.3842
58.0,67.6,1.0581
59.0,66.5,1.6344
60.0,75.2,0.7505
61.0,41.5,0.9864
62.0,49.1,1.7101
63.0,48.3,1.4449
64.0,72.1,1.336
65.0,72.3,0.8496
66.0,72.9,0.9738
67.0,43.2,0.3605
68.0,54.5,1.3682
69.0,32.1,1.2296
70.0,63.1,1.8619
71.0,38.0,1.4029
72.0,40.6,0.9888
73.0,55.6,1.6381
74.0,58.4,0.8164
75.0,53.1,0.9117
76.0,34.0,1.231
77.0,16.2,0.9922
78.0,66.55013029020796,0.6217401257860824
79.0,52.1,1.8936
80.0,80.2,1.5002
81.0,83.0,0.78
82.0,53.6,0.8169
83.0,48.8,1.4412
84.0,57.1,1.2661
85.0,31.0,0.9268
86.0,72.7,1.2872
87.0,54.2,1.0503
88.0,80.9,0.667
89.0,31.91827144486043,1.0255302747191637
90.0,51.4,0.8489
91.0,63.8,0.7236
92.0,62.2,0.6351
93.0,76.4,1.6112
94.0,49.3,1.1596
95.0,42.4,0.7674
96.0,37.9,1.3842
97.0,42.2,0.9964
98.0,42.2,0.4224
99.0,31.9,0.2031
100.0,58.1,0.5687
101.0,70.3,1.5308
102.0,74.4,1.5861
103.0,77.8,1.2445
104.0,37.3,1.076
105.0,51.0,0.42
106.0,36.8,0.7883
107.0,63.9,0.9875
108.0,69.1,1.0264
109.0,39.0,1.4928
110.0,60.7,1.2009
111.0,76.7,1.2098
112.0,42.1,0.7856
113.0,57.6,0.9796
114.0,36.9,0.5939
115.0,13.5,0.5139
116.0,33.0,0.4331
117.0,75.0,0.739
118.0,46.3,1.5768
119.0,20.8,0.7599
120.0,28.5,1.6293
121.0,19.7,0.9345
122.0,69.3,0.6331
123.0,78.1,0.8041
124.0,54.8,0.4704
125.0,62.7,1.461
126.0,39.3,0.9615
127.0,67.8,1.0609
128.0,78.2,1.1664
129.0,36.2,0.569
130.0,61.9,1.4017
131.0,66.4,1.0128
132.0,63.6,0.9959
133.0,64.6,1.518
134.0,61.6,1.0859
135.0,46.3,1.0363
136.0,36.8,1.3207
137.0,71.0,1.3239
138.0,21.8,1.4653
139.0,55.5,1.9998
140.0,53.2,0.7555
141.0,44.4,1.3476
142.0,46.2,0.6794
143.0,35.1,1.8022
144.0,37.3,1.3081
145.0,34.5,0.8746
146.0,81.8,1.5816
147.0,19.2,1.0073
148.0,31.6,0.6562
149.0,30.5,1.2288
150.0,56.7,0.476
151.0,68.0,1.0376
152.0,50.0,0.802
153.0,15.6,1.0613
154.0,56.6,1.7798
155.0,26.2,1.5984
156.0,42.0,1.7602
157.0,62.2,0.9643
158.0,29.7,1.2742
159.0,43.0,1.4808
160.0,32.1,1.7841
161.0,66.55013029020796,1.429320423652245
162.0,55.5,0.7711
163.0,48.6,0.4069
164.0,43.0,1.3548
165.0,68.9,0.9411
166.0,62.5,0.9213
167.0,54.8,1.0455
168.0,49.1,1.7101
169.0,33.8,0.4436
170.0,40.6,1.1588
171.0,45.0,1.0379
172.0,39.3,0.8355
173.0,74.2,0.9117
174.0,51.3,0.9634
175.0,44.6,0.7574
176.0,62.7,0.4943
177.0,21.4,0.9064
178.0,25.2,0.8721
179.0,36.3,0.4712
180.0,74.2,1.5581
181.0,17.9,0.2977
182.0,29.2,0.592
183.0,59.7,1.0413
184.0,26.2,1.3664
185.0,79.8,1.5238
186.0,38.3,0.8381
187.0,24.1,0.9831
188.0,55.1,1.0621
189.0,68.6,1.7014
190.0,49.2342008675342,1.0255302747191637
191.0,26.9,0.9524
192.0,18.5,1.0189
193.0,48.4,0.4131
194.0,81.3,0.689
195.0,40.7,0.8073
196.0,43.2,0.9812
197.0,49.7,0.6122
198.0,63.1,1.8619
199.0,43.9,1.2344
200.0,48.3,0.955
201.0,41.5,0.3896
202.0,71.0,1.2032
203.0,57.7,0.9778
204.0,64.5,0.7968
205.0,46.3,0.9394
206.0,56.1,0.8416
207.0,58.6,0.4385
208.0,60.2,0.7958
209.0,49.8,0.5061
210.0,31.8,0.4798
211.0,51.3,0.9634
212.0,79.3,1.5593
213.0,27.5,1.1229
214.0,56.4,0.5609
215.0,17.0,1.1216
216.0,23.7,1.3331
217.0,67.8,0.6028
218.0,65.7,1.9079
219.0,34.6,0.411
220.0,63.9,0.65
221.0,45.8,0.3697
222.0,58.1,0.7278
223.0,73.1,0.8772
224.0,62.1,1.3224
225.0,68.6,1.0288
226.0,19.5,0.9515
227.0,65.4,1.1629
228.0,76.4,1.3558
229.0,60.8,1.0501
230.0,53.6,0.9326
231.0,51.4,0.679
232.0,70.6,1.5209
233.0,45.6,1.8942
234.0,63.9,1.7957
235.0,70.7,1.2601
236.0,48.6,1.1354
237.0,58.3,0.9978
238.0,58.3,1.3141
239.0,76.1,0.9329
240.0,12.6,1.1684
241.0,29.5,1.0209
242.0,53.7,1.4486
243.0,61.6,1.0859
244.0,51.6,1.2784
245.0,47.9,1.5346
246.0,73.5,0.7883
247.0,21.1,1.3478
248.0,26.8,0.5446
249.0,47.2,0.5589
250.0,48.9,0.7578
251.0,24.9,1.1663
252.0,25.5,0.7785
253.0,70.6,0.6834
254.0,33.3,0.9881
255.0,37.8,0.3528
256.0,34.9,1.5015
257.0,43.7,1.4718
258.0,41.9,0.5209
259.0,60.9,0.4857
260.0,44.8,0.3967
261.0,76.9,0.8557
262.0,71.0,0.9249
263.0,65.6,1.5368
264.0,72.4,1.4125
265.0,79.9,1.3156
266.0,73.2,1.3458
267.0,47.1,0.8273
268.0,49.6,1.2673
269.0,23.3,0.4599
270.0,64.8,1.0135
271.0,27.1,1.797
272.0,57.0,1.2739
273.0,75.9,0.6055
274.0,50.4,1.3379
275.0,75.5,1.9069
276.0,57.0,0.4771
277.0,82.3,0.9198
278.0,84.4,0.6943
279.0,69.1,1.7275
280.0,38.8,1.1929
281.0,59.2,1.0635
282.0,34.9,1.9841
283.0,34.1,0.8904
284.0,24.6,0.7796
285.0,49.8,1.1765
286.0,63.8,1.1873
287.0,66.7,0.7276
288.0,23.9,0.906
289.0,31.8,0.4187
290.0,40.4,1.1421
291.0,38.3,0.8474
292.0,25.9,0.2774
293.0,39.6,0.8693
294.0,27.8,0.8433
295.0,63.7,0.8325
296.0,36.6,0.3064
297.0,67.1,1.506
298.0,31.7,1.1968
299.0,60.6,1.1089
300.0,64.3,0.7257
301.0,69.3,0.7201
302.0,70.0,0.6232
303.0,66.55013029020796,1.1601269910301908
304.0,24.9,0.4178
305.0,26.9,0.9524
306.0,62.5,0.5191
307.0,59.5,1.2758
308.0,46.5,1.1917
309.0,32.6,0.426
310.0,25.9,1.0489
311.0,41.7,1.0865
312.0,64.9,0.9332
313.0,47.5,1.0199
314.0,56.9,1.3999
315.0,50.2,0.4706
316.0,65.8,0.5935
317.0,36.0,1.8395
318.0,50.4,1.3379
319.0,44.4,1.3476
320.0,44.0,1.1244
321.0,36.5,0.664
322.0,46.1,1.8141
323.0,66.55013029020796,1.429320423652245
324.0,35.8,0.6456
325.0,19.5,0.8981
326.0,41.5,1.3106
327.0,47.2,0.9178
328.0,63.7,1.4419
329.0,75.0,0.9179
330.0,66.55013029020796,0.6217401257860824
331.0,36.9,1.1991
332.0,62.7,0.853
333.0,76.7,0.7271
334.0,61.9,0.7446
335.0,52.7,1.9604
336.0,40.9,1.3389
337.0,71.3,0.7118
338.0,47.6,0.9465
339.0,62.8,1.5505
340.0,44.1,0.9855
341.0,57.3,1.7822
342.0,39.3,0.4004
343.0,42.0,0.7541
344.0,63.6,0.6982
345.0,66.55013029020796,1.429320423652245
346.0,73.2,1.8763
347.0,58.6,0.5813
348.0,29.9,1.2875
349.0,26.5,1.4408
350.0,66.0,0.7501
351.0,46.6,1.37
352.0,59.7,0.4604
353.0,60.9,1.5322
354.0,65.6,0.9566
355.0,62.8,0.6188
356.0,24.3,0.9889
357.0,44.8,0.498
358.0,62.9,0.6234
359.0,34.0,0.6353
360.0,81.8,0.8759
361.0,79.0,1.4978
362.0,20.0,1.4854
363.0,82.9,0.73
364.0,45.9,0.3843
365.0,14.9,0.5708
366.0,34.7,0.7369
367.0,26.9,0.9524
368.0,65.6,0.9129
369.0,50.4,0.6467
370.0,76.6,0.8678
371.0,42.8,1.0298
372.0,58.1,1.3762
373.0,33.4,1.2022
374.0,70.0,0.5388
375.0,64.0,0.7419
376.0,49.2342008675342,1.0255302747191637
377.0,47.8,1.206
378.0,62.5,0.9213
379.0,65.7,1.105
380.0,46.8,0.4001
381.0,62.9,0.6234
382.0,50.9,0.4144
383.0,39.4,1.2524
384.0,46.2,1.301
385.0,73.6,1.0851
386.0,73.7,0.7425
387.0,42.5,0.4787
388.0,60.7,1.0591
389.0,64.0,1.2413
390.0,29.6,0.8921
391.0,56.5,1.9018
392.0,67.1,0.7074
393.0,42.8,0.6177
394.0,41.5,0.4193
395.0,79.9,1.5253
396.0,39.9,1.1639
397.0,47.0,1.3122
398.0,42.8,0.9091
399.0,44.3,1.4544
400.0,78.8,1.9939
401.0,61.9,0.8226
402.0,46.6,0.8176
403.0,32.9,1.4771
404.0,53.1,1.1056
405.0,51.0,1.8287
406.0,39.6,1.009
407.0,69.1,0.815
408.0,25.8,0.9931
409.0,54.4,0.8701
410.0,40.3,1.5086
411.0,21.6,1.3514
412.0,31.91827144486043,1.429320423652245
413.0,21.1,1.3863
414.0,60.2,1.0617
415.0,81.3,0.7568
416.0,71.4,1.5805
417.0,61.7,1.2436
418.0,67.3,1.7256
419.0,60.8,1.0501
420.0,62.2,0.851
421.0,52.8,0.9626
422.0,61.8,1.7504
423.0,66.55013029020796,1.0255302747191637
424.0,34.2,0.7566
425.0,46.2,0.6794
426.0,49.4,1.1354
427.0,86.5,1.1981
428.0,73.9,0.8616
429.0,50.7,1.6491
430.0,44.1,0.3939
431.0,25.4,0.9933
432.0,43.2,1.5052
433.0,22.5,1.1974
434.0,35.6,0.8736
435.0,39.2,1.0115
436.0,18.9,0.4091
437.0,26.8,0.4023
438.0,49.9,1.0135
439.0,61.9,1.4017
440.0,37.3,1.3081
441.0,81.4,1.551
442.0,55.5,1.0724
443.0,48.3,0.8439
444.0,69.0,0.9568
445.0,34.0,1.231
446.0,31.8,1.441
447.0,46.6,0.6319
448.0,75.8,1.2202
449.0,57.6,0.6304
450.0,44.9,0.2536
451.0,73.2,1.3458
452.0,59.5,1.1017
453.0,32.9,0.4435
454.0,31.8,0.4514
455.0,32.6,1.072
456.0,21.3,1.0988
457.0,53.2,1.5418
458.0,22.4,0.5955
459.0,38.7,1.1845
460.0,46.9,0.4854
461.0,47.0,0.8434
462.0,76.9,0.9007
463.0,51.5,0.8313
464.0,38.1,0.5023
465.0,18.9,0.7692
466.0,24.9,1.363
467.0,14.8,0.218
468.0,61.7,1.5547
469.0,66.55013029020796,0.6217401257860824
470.0,27.9,0.3882
471.0,65.7,1.9079
472.0,41.1,0.3451
473.0,67.3,1.7256
474.0,43.46222439330961,0.8909335584081366
475.0,34.6,0.411
476.0,60.7,1.0591
477.0,50.0,1.5522
478.0,57.4,1.0786
479.0,58.4,0.7352
480.0,16.2,0.8454
481.0,68.0,0.7043
482.0,36.4,0.3635
483.0,66.2,0.4571
484.0,40.3,1.0126
485.0,53.7,0.7793
486.0,38.8,1.1929
487.0,71.4,0.6024
488.0,51.0,0.6082
489.0,77.2,1.8204
490.0,53.4,0.6117
491.0,42.3,1.326
492.0,24.3,1.7216
493.0,82.3,0.9198
494.0,62.6,1.6945
495.0,76.3,1.4919
496.0,47.7,0.9185
497.0,72.8,1.0984
498.0,35.1,1.3919
499.0,35.2,1.1288
500.0,64.0,1.5247
501.0,28.5,1.1809
502.0,42.7,1.5754
503.0,40.3,0.7717
504.0,47.8,1.0143
505.0,31.91827144486043,1.429320423652245
506.0,60.8,1.5205
507.0,53.4,0.63
508.0,48.3,1.4942
509.0,27.4,1.5635
510.0,36.3,1.4291
511.0,28.7,1.2885
512.0,39.8,1.2231
513.0,31.91827144486043,1.0255302747191637
514.0,39.9,1.1639
515.0,41.9,0.8674
516.0,56.8,0.4688
517.0,45.4,1.54
518.0,69.1,0.815
519.0,64.0,0.6942
520.0,79.1,1.5709
521.0,9.9,0.3754
522.0,54.7,0.3657
523.0,77.2,1.0175
524.0,65.4,1.1629
525.0,55.006177341758786,0.8909335584081366
526.0,62.5,0.9213
527.0,19.6,1.0399
528.0,66.1,1.0488
529.0,49.1,1.423
530.0,71.0,0.8089
531.0,43.5,1.1624
532.0,68.0,0.9547
533.0,48.9,1.3424
534.0,23.7,1.3331
535.0,80.4,0.7382
536.0,18.1,1.0724
537.0,38.5,1.6212
538.0,26.8,0.4023
539.0,55.8,0.821
540.0,44.6,0.4922
541.0,58.3,0.7868
542.0,58.2,0.7459
543.0,34.2,0.6669
544.0,67.0,1.0446
545.0,34.7,0.8229
546.0,80.3,1.6212
547.0,61.3,1.4923
548.0,61.3,1.7131
549.0,58.9,0.8537
550.0,66.9,1.2631
551.0,61.3,1.6053
552.0,74.5,1.4781
553.0,54.8,1.3742
554.0,64.2,1.5063
555.0,36.8,1.3189
556.0,61.4,0.6306
557.0,32.3,0.4548
558.0,66.5,1.6344
559.0,62.9,0.7831
560.0,73.5,1.3151
561.0,62.7,0.8726
562.0,36.5,0.7366
563.0,48.6,0.4194
564.0,51.5,0.8313
565.0,19.6,1.0029
566.0,76.9,0.8557
567.0,62.0,1.5784
568.0,46.1,1.8141
569.0,51.6,0.8508
570.0,76.8,1.8881
571.0,37.1,1.9264
572.0,18.7,0.8624
573.0,53.3,1.0736
574.0,19.2,1.0073
575.0,43.6,0.6825
576.0,71.0,1.2032
577.0,43.3,0.572
578.0,64.4,1.522
579.0,46.7,0.9569
580.0,60.8,0.7704
581.0,49.8,0.7971
582.0,59.6,1.0673
583.0,62.3,0.6227
584.0,55.006177341758786,0.8909335584081366
585.0,35.3,0.9845
586.0,51.7,0.9914
587.0,39.6,1.009
588.0,64.8,0.8138
589.0,14.2,1.1128
590.0,29.3,1.3055
591.0,41.0,1.1006
592.0,33.4,0.4246
593.0,43.1,1.1396
594.0,78.0,1.254
595.0,49.5,0.6615
596.0,27.3,0.9101
597.0,39.1,0.3901
598.0,57.7,0.6222
599.0,21.6,1.3514
600.0,43.3,1.2839
601.0,41.9,0.3634
602.0,14.0,0.4495
603.0,33.5,1.1602
604.0,18.2,0.2908
605.0,53.2,0.7555
606.0,67.6,0.95
607.0,80.2,0.7179
608.0,47.4,0.8178
609.0,51.3,1.3543
610.0,28.3,0.4374
611.0,49.3,1.3689
612.0,40.6,0.9888
613.0,84.5,1.3202
614.0,60.8,1.3036
615.0,33.4,1.59
616.0,71.3,1.5723
617.0,45.4,0.7759
618.0,32.6,0.4373
619.0,66.55013029020796,1.0255302747191637
620.0,62.5,1.6616
621.0,48.5,1.5266
622.0,14.9,0.5708
623.0,31.9,1.0566
624.0,70.9,0.8706
625.0,18.2,0.3255
626.0,66.1,1.4415
627.0,64.0,1.6256
628.0,66.4,1.5145
629.0,74.4,1.5661
630.0,60.9,0.7966
631.0,77.8,1.8764
632.0,37.3,1.1199
633.0,60.7,1.0591
634.0,59.0,1.0181
635.0,79.4,1.2224
636.0,37.6,0.3448
637.0,35.3,0.5763
638.0,12.3,0.8983
639.0,22.2,1.2765
640.0,22.7,0.8864
641.0,16.8,0.8391
642.0,26.1,0.8264
643.0,61.0,1.1599
644.0,58.3,0.7868
645.0,38.0,1.3818
646.0,51.3,0.9144
647.0,35.9,1.4411
648.0,47.2,1.616
649.0,78.5,1.994
650.0,32.2,0.9096
651.0,58.7,0.8605
652.0,56.0,1.1215
653.0,29.4,1.1298
654.0,58.1,1.3762
655.0,27.2,0.9282
656.0,36.1,0.3575
657.0,37.5,0.2326
658.0,63.0,1.5204
659.0,79.1,0.6611
660.0,53.5,1.4087
661.0,65.8,0.5935
662.0,76.4,1.6112
663.0,56.0,1.1865
664.0,18.9,0.4091
665.0,81.0,1.4216
666.0,43.46222439330961,1.1601269910301908
667.0,34.8,1.0333
668.0,56.7,0.476
669.0,44.2,0.4446
670.0,57.9,1.2047
671.0,77.2,0.8617
672.0,59.3,0.9974
673.0,59.2,1.0736
674.0,77.0,0.9018
675.0,63.7,0.4327
676.0,70.4,1.2658
677.0,32.9,0.4131
678.0,70.7,1.2601
679.0,68.0,1.3102
680.0,33.9,1.3874
681.0,32.6,1.6188
682.0,71.4,0.6024
683.0,35.4,0.2497
684.0,53.5,1.9267
685.0,76.0,0.9561
686.0,56.5,1.3051
687.0,80.7,1.1199
688.0,58.4,1.7508
689.0,57.7,0.9778
690.0,19.6,0.2797
691.0,21.2,1.0989
692.0,48.2,0.5385
693.0,41.6,1.1884
694.0,53.3,0.3467
695.0,76.9,0.9007
696.0,61.4,0.6306
697.0,65.8,1.535
698.0,43.6,0.6825
699.0,67.6,0.95
700.0,47.8,0.7293
701.0,18.9,0.4091
702.0,34.8,1.5925
703.0,66.55013029020796,0.6217401257860824
704.0,18.9,0.7692
705.0,49.1,1.3991
706.0,67.4,1.7262
707.0,31.91827144486043,1.0255302747191637
708.0,64.0,1.5795
709.0,27.6,0.5799
710.0,31.1,0.434
711.0,43.0,1.4808
712.0,33.4,1.3581
713.0,46.5,1.1917
714.0,42.0,1.7602
715.0,42.6,1.0083
716.0,53.8,0.4572
717.0,49.2342008675342,0.6217401257860824
718.0,40.6,1.1588
719.0,57.9,0.9662
720.0,70.1,0.8432
721.0,40.2,0.376
722.0,36.7,0.8704
723.0,24.0,1.279
724.0,84.0,0.9234
725.0,65.6,1.4039
726.0,33.9,0.2732
727.0,77.2,0.8617
728.0,45.2,0.4977
729.0,56.1,1.6298
730.0,28.5,1.1809
731.0,63.6,0.9681
732.0,58.6,1.0396
733.0,44.5,1.4731
734.0,39.6,0.344
735.0,12.6,1.1684
736.0,77.3,0.8873
737.0,82.6,0.7495
738.0,25.5,0.8234
739.0,63.0,1.5204
740.0,32.3,1.6809
741.0,68.7,0.5317
742.0,77.3,0.8873
743.0,41.9,0.4409
744.0,27.3,1.6308
745.0,81.6,0.8755
746.0,24.5,1.3373
747.0,25.2,0.8721
748.0,76.9,0.7682
749.0,20.1,1.4495
750.0,34.0,1.0149
751.0,55.4,1.4436
752.0,25.7,0.3422
753.0,24.1,0.9831
754.0,23.9,0.906
755.0,36.9,0.8258
756.0,62.1,0.6746
757.0,53.8,1.4968
758.0,85.3,1.3412
759.0,73.3,1.0448
760.0,73.4,0.8662
761.0,79.1,1.5709
762.0,56.9,1.7438
763.0,42.7,1.4864
764.0,27.0,0.9217
765.0,48.9,0.9226
766.0,73.3,1.2845
767.0,46.2,1.056
768.0,49.2342008675342,1.0255302747191637
769.0,51.4,0.8886
770.0,82.9,0.6968
771.0,21.8,1.3977
772.0,59.9,0.5523
773.0,68.2,0.8806
774.0,65.7,0.7607
775.0,66.3,0.5811
776.0,34.5,1.5911
777.0,84.4,0.6943
778.0,12.2,0.5007
779.0,41.5,0.9864
780.0,65.8,1.0773
781.0,79.6,1.2616
782.0,50.9,1.009
783.0,67.5,1.899
784.0,23.0,0.977
785.0,37.3,1.1118
786.0,25.7,0.3914
787.0,80.5,1.4236
788.0,56.9,1.739
789.0,26.9,1.715
790.0,68.6,1.6873
791.0,57.1,0.9309
792.0,83.0,0.6419
793.0,29.5,0.648
794.0,38.4,0.8743
795.0,54.1,0.502
796.0,38.4,0.8743
797.0,62.2,1.0875
798.0,43.9,1.3184
799.0,26.0,1.4241
800.0,36.9,1.2133
801.0,43.8,1.3057
802.0,55.6,1.6074
803.0,52.4,0.6578
804.0,63.1,0.5259
805.0,39.0,1.04
806.0,49.8,0.5998
807.0,65.8,0.931
808.0,19.8,0.5933
809.0,66.9,0.8248
810.0,42.6,0.904
811.0,69.6,1.607
812.0,69.3,0.6331
813.0,65.1,0.5547
814.0,49.8,0.4117
815.0,58.3,1.5829
816.0,47.0,0.6686
817.0,28.4,0.7804
818.0,53.4,0.7366
819.0,32.8,1.2776
820.0,41.9,1.3688
821.0,24.3,1.7216
822.0,45.7,1.2621
823.0,43.9,0.7487
824.0,27.7,0.3885
825.0,82.5,1.015
826.0,78.5,1.994
827.0,42.0,0.4773
828.0,32.6,0.4373
829.0,39.3,1.0336
830.0,69.3,0.7201
831.0,44.3,0.8294
832.0,40.8,0.757
833.0,20.2,0.7094
834.0,47.2,0.5589
835.0,25.6,0.3181
836.0,52.2,0.4338
837.0,47.4,1.3881
838.0,55.8,1.3974
839.0,43.46222439330961,0.6217401257860824
840.0,53.1,0.8993
841.0,51.8,0.8816
842.0,49.4,1.0264
843.0,42.6,0.904
844.0,52.3,1.0169
845.0,76.8,1.8881
846.0,79.1,1.5709
847.0,64.2,0.9664
848.0,70.1,1.5891
849.0,23.9,0.906
850.0,36.5,0.7366
851.0,36.8,0.3566
852.0,49.0,1.0462
853.0,66.7,1.5548
854.0,24.8,0.5931
855.0,69.1,1.0249
856.0,16.0,1.1444
857.0,75.0,0.9179
858.0,34.5,1.5911
859.0,51.0,0.4563
860.0,15.8,1.1604
861.0,67.5,1.899
862.0,53.9,0.4693
863.0,83.1,0.6787
864.0,70.1,1.5626
865.0,36.4,1.4718
866.0,27.6,1.3044
867.0,81.2,0.8483
868.0,61.6,0.8593
869.0,61.6,0.5656
870.0,39.1,1.4881
871.0,45.0,0.5114
872.0,81.7,1.2284
873.0,60.8,0.6657
874.0,82.6,0.645
875.0,53.1,0.9117
876.0,76.9,1.5945
877.0,14.6,1.114
878.0,38.1,1.0917
879.0,66.55013029020796,0.6217401257860824
880.0,41.3,0.4888
881.0,73.0,1.2688
882.0,65.0,0.8966
883.0,63.7,0.8325
884.0,62.8,0.6188
885.0,14.9,0.5708
886.0,30.7,1.0884
887.0,70.0,0.6232
888.0,44.7,0.4186
889.0,47.7,1.3232
890.0,44.1,1.3477
891.0,18.0,1.2318
892.0,24.5,0.363
893.0,45.3,1.2226
894.0,79.7,1.503
895.0,49.8,0.5267
896.0,69.8,0.8039
897.0,53.6,1.4379
898.0,42.2,1.3774
899.0,46.1,1.8141
900.0,36.7,1.1202
901.0,72.9,0.9738
902.0,44.4,0.342
903.0,44.4,1.3476
904.0,45.9,0.3804
905.0,64.4,1.835
906.0,62.4,0.9366
907.0,64.1,0.9209
908.0,55.5,1.0724
909.0,67.8,0.6028
910.0,47.7,1.2643
911.0,41.5,0.7194
912.0,69.2,1.8061
913.0,57.6,0.9517
914.0,38.7,0.5298
915.0,34.9,1.3008
916.0,73.0,1.5737
917.0,49.2342008675342,1.0255302747191637
918.0,62.5,1.6616
919.0,27.1,1.797
920.0,47.3,1.4771
921.0,32.3,0.4548
922.0,65.6,1.9501
923.0,57.4,1.7233
924.0,56.6,0.9367
925.0,74.5,1.4781
926.0,32.6,0.426
927.0,50.9,0.92085
928.0,64.4,1.5035
929.0,30.8,1.1112
930.0,51.8,1.022
931.0,68.9,1.3557
932.0,57.6,0.9416
933.0,22.7,1.4653
934.0,18.0,0.2269
935.0,62.0,1.0904
936.0,61.9,0.7446
937.0,74.8,0.7423
938.0,59.5,1.1017
939.0,32.9,1.4135
940.0,64.0,0.9891
941.0,73.1,0.8772
942.0,50.3,1.2207
943.0,82.5,1.015
944.0,44.5,1.4731
945.0,41.6,0.923
946.0,20.8,0.3536
947.0,35.7,1.3549
948.0,60.9,1.5092
949.0,36.5,0.3778
950.0,44.9,0.7194
951.0,80.5,0.6825
952.0,43.4,1.2495
953.0,50.8,0.4234
954.0,16.8,0.8391
955.0,54.4,1.9705
956.0,29.2,0.8499
957.0,48.4,1.1557
958.0,58.0,1.8611
959.0,58.1,1.0482
960.0,78.9,0.682
961.0,46.9,1.2044
962.0,27.2,1.4404
963.0,45.4,0.7759
964.0,55.5,1.4323
965.0,74.2,1.2256
966.0,45.7,1.5747
967.0,26.9,1.1399
968.0,60.8,1.6261
969.0,42.8,0.6177
970.0,70.0,1.5366
971.0,29.0,0.9807
972.0,62.6,1.226
973.0,52.5,1.583
974.0,66.1,1.6556
975.0,26.6,1.192
976.0,46.5,1.1608
977.0,56.0,1.6238
978.0,26.9,0.9524
979.0,63.8,0.7236
980.0,28.2,1.0098
981.0,37.9,1.1204
982.0,54.4,1.3229
983.0,47.7,1.4649
984.0,66.55013029020796,1.0255302747191637
985.0,50.8,0.452
986.0,52.3,0.3591
987.0,31.1,0.434
988.0,69.4,0.6118
989.0,62.3,1.0351
990.0,35.7,1.3549
991.0,15.0,1.1989
992.0,51.2,0.7374
993.0,60.8,1.6582
994.0,33.3,0.6741
995.0,58.3,1.5829
996.0,17.0,0.4513
997.0,27.6,1.3044
998.0,74.0,1.8683
999.0,62.4,1.5226
1000.0,16.8,0.2672
1001.0,24.0,1.279
1002.0,41.0,0.6792
1003.0,74.9,1.9396
1004.0,63.4,0.9794
1005.0,53.7,2.0691
1006.0,60.9,0.8455
1007.0,31.6,0.6562
1008.0,50.4,1.8284
1009.0,45.5,1.1405
1010.0,68.7,0.8456
1011.0,43.8,0.423
1012.0,72.7,0.6791
1013.0,13.3,0.6303
1014.0,54.2,1.4886
1015.0,56.9,0.5419
1016.0,44.0,1.1225
1017.0,63.6,2.102
1018.0,36.7,1.6843
1019.0,55.1,1.6872
1020.0,23.3,0.354
1021.0,75.9,0.6875
1022.0,70.7,1.4962
1023.0,65.3,1.4894
1024.0,57.4,1.0451
1025.0,49.5,0.7695
1026.0,23.3,1.4313
1027.0,23.0,0.977
1028.0,39.6,0.8693
1029.0,44.2,1.4657
1030.0,83.8,0.6771
1031.0,15.2,0.9177
1032.0,66.8,1.0432
1033.0,66.8,0.7951
1034.0,25.6,1.1868
1035.0,28.2,1.3204
1036.0,40.4,1.1421
1037.0,72.7,0.7598
1038.0,31.91827144486043,1.429320423652245
1039.0,54.6,1.2184
1040.0,18.8,1.29
1041.0,31.1,0.7104
1042.0,35.7,0.9329
1043.0,23.3,1.6535
1044.0,64.5,1.4394
1045.0,47.5,0.4017
1046.0,54.1,1.7546
1047.0,49.2342008675342,0.6217401257860824
1048.0,55.9,1.7114
1049.0,54.8,1.0455
1050.0,32.9,1.3244
1051.0,44.5,1.129
1052.0,67.9,1.295
1053.0,66.55013029020796,0.6217401257860824
1054.0,38.2,0.9133
1055.0,39.2,1.4826
1056.0,35.4,0.7535
1057.0,33.9,0.5957
1058.0,27.9,1.7309
1059.0,50.1,1.41
1060.0,69.4,0.6118
1061.0,59.8,1.0142
1062.0,44.3,0.8294
1063.0,24.4,1.232
1064.0,37.3,1.3081
1065.0,49.6,1.486
1066.0,37.0,0.8104
1067.0,59.2,1.1477
1068.0,59.8,1.562
1069.0,35.6,0.6697
1070.0,49.0,1.0462
1071.0,54.6,1.2184
1072.0,21.8,1.4653
1073.0,48.8,0.643
1074.0,22.7,1.041
1075.0,30.1,1.0204
1076.0,61.2,1.9808
1077.0,80.0,0.967
1078.0,33.9,0.5957
1079.0,31.5,0.2464
1080.0,56.0,1.1865
1081.0,78.4,1.3333
1082.0,55.9,0.7014
1083.0,32.6,1.1381
1084.0,44.0,0.5434
1085.0,44.8,1.4644
1086.0,63.5,1.4139
1087.0,23.8,0.858
1088.0,28.3,1.5338
1089.0,51.2,0.4534
1090.0,76.3,1.3902
1091.0,35.8,0.6456
1092.0,71.2,1.0454
1093.0,48.3,1.4449
1094.0,35.7,1.3549
1095.0,49.9,0.8394
1096.0,79.4,0.8944
1097.0,48.2,0.5385
1098.0,37.0,0.8104
1099.0,71.3,0.7118
1100.0,65.8,1.0254
1101.0,53.9,0.9024
1102.0,44.1,1.5751
1103.0,65.8,1.1577
1104.0,45.6,1.1558
1105.0,21.6,1.3514
1106.0,45.6,0.8993
1107.0,51.6,0.8508
1108.0,31.8,0.4187
1109.0,67.5,1.3855
1110.0,40.0,1.153
1111.0,16.0,1.1444
1112.0,48.7,0.3706
1113.0,29.4,1.4344
1114.0,49.4,1.0624
1115.0,67.1,0.9274
1116.0,53.2,1.5418
1117.0,43.1,1.5224
1118.0,34.5,0.8746
1119.0,55.1,1.8117
1120.0,37.2,1.0746
1121.0,30.2,1.2502
1122.0,81.3,0.7568
1123.0,57.9,0.9662
1124.0,73.3,1.0448
1125.0,46.4,1.5445
1126.0,14.5,1.0106
1127.0,70.2,0.9401
1128.0,50.3,1.2041
1129.0,53.8,0.3542
1130.0,18.7,1.2884
1131.0,40.0,1.153
1132.0,59.3,0.853
1133.0,47.7,0.8819
1134.0,66.55013029020796,1.429320423652245
1135.0,72.5,0.6718
1136.0,47.9,1.5346
1137.0,42.4,1.154
1138.0,66.55013029020796,1.0255302747191637
1139.0,20.5,0.9699
1140.0,31.0,1.1184
1141.0,60.6,1.0196
1142.0,57.2,0.4402
1143.0,76.8,1.8881
1144.0,60.6,1.0196
1145.0,51.6,0.8508
1146.0,27.5,1.1229
1147.0,83.9,1.189
1148.0,70.0,0.6232
1149.0,51.8,0.4952
1150.0,38.4,0.8743
1151.0,60.8,1.6582
1152.0,47.6,1.4872
1153.0,31.2,0.3533
1154.0,76.4,0.9953
1155.0,37.5,0.5068
1156.0,46.3,1.5768
1157.0,69.0,0.9568
1158.0,42.7,0.8745
1159.0,39.3,0.8355
1160.0,72.8,1.0984
1161.0,63.9,0.6192
1162.0,32.5,0.2783
1163.0,18.4,0.7595
1164.0,66.55013029020796,0.6217401257860824
1165.0,76.8,1.8881
1166.0,50.6,0.9989
1167.0,19.3,1.0543
1168.0,62.9,0.6234
1169.0,53.1,0.4484
1170.0,72.7,0.6791
1171.0,52.4,0.6578
1172.0,27.1,1.6226
1173.0,31.7,0.4249
1174.0,53.3,0.4006
1175.0,36.2,1.0053
1176.0,24.7,1.6772
1177.0,70.7,1.2601
1178.0,52.9,1.0276
1179.0,43.46222439330961,0.8909335584081366
1180.0,36.4,0.2989
1181.0,57.0,0.9333
1182.0,43.1,1.0114
1183.0,49.2,1.5116
1184.0,61.7,1.5309
1185.0,52.2,0.7513
1186.0,64.8,0.9135
1187.0,76.7,0.722
1188.0,53.7,1.4486
1189.0,42.0,0.7541
1190.0,14.5,0.2029
1191.0,31.91827144486043,1.429320423652245
1192.0,13.7,0.9639
1193.0,39.3,1.2065
1194.0,73.5,1.5664
1195.0,61.3,1.2854
1196.0,69.5,1.2623
1197.0,68.5,1.0718
1198.0,83.0,0.6419
1199.0,10.0,0.6591
1200.0,71.3,0.7118
1201.0,28.3,0.9124
1202.0,15.6,0.2615
1203.0,66.3,0.9487
1204.0,28.2,1.3204
1205.0,36.3,1.0852
1206.0,64.3,0.9628
1207.0,78.2,1.022
1208.0,61.2,1.9808
1209.0,66.55013029020796,0.6217401257860824
1210.0,56.3,1.13
1211.0,50.3,0.7577
1212.0,68.7,1.2596
1213.0,48.7,0.3706
1214.0,43.46222439330961,0.8909335584081366
1215.0,83.9,1.3284
1216.0,31.91827144486043,1.429320423652245
1217.0,39.0,1.04
1218.0,66.7,1.2987
1219.0,70.9,1.7203
1220.0,42.5,0.7379
1221.0,65.4,1.1629
1222.0,62.6,1.1455
1223.0,49.3,0.6772
1224.0,30.4,1.2013
1225.0,47.7,1.4649
1226.0,24.4,1.2472
1227.0,44.8,1.528
1228.0,36.9,1.0748
1229.0,68.9,0.8329
1230.0,74.8,1.2672
1231.0,59.8,0.9398
1232.0,42.8,1.0053
1233.0,53.3,1.8366
1234.0,68.0,2.1806
1235.0,27.0,0.5934
1236.0,28.3,0.4374
1237.0,47.6,1.4983
1238.0,52.4,0.6767
1239.0,28.7,1.7256
1240.0,50.2,0.3934
1241.0,19.4,0.81
1242.0,48.3,0.8439
1243.0,35.3,1.2396
1244.0,43.4,1.2495
1245.0,18.0,0.2269
1246.0,42.8,1.4713
1247.0,55.0,1.1097
1248.0,19.8,0.2933
1249.0,77.2,1.1298
1250.0,77.8,0.9839
1251.0,54.4,0.5753
1252.0,78.7,1.1817
1253.0,49.8,0.7971
1254.0,40.8,1.6203
1255.0,52.2,0.7513
1256.0,62.5,0.9582
1257.0,41.5,0.9864
1258.0,74.4,1.5661
1259.0,62.2,1.0641
1260.0,51.4,0.8489
1261.0,78.5,0.803
1262.0,42.1,0.812
1263.0,45.9,1.0242
1264.0,61.9,0.8226
1265.0,66.8,1.3596
1266.0,55.4,0.4419
1267.0,73.2,1.3458
1268.0,67.1,1.0357
1269.0,46.3,1.524
1270.0,38.5,0.5776
1271.0,74.2,1.5581
1272.0,43.3,1.1265
1273.0,46.5,1.4615
1274.0,66.1,0.601
1275.0,53.1,0.4484
1276.0,41.6,0.923
1277.0,51.0,0.3778
1278.0,39.4,1.2524
1279.0,53.1,1.1056
1280.0,38.9,1.7838
1281.0,52.5,0.5969
1282.0,66.5,1.0393
1283.0,62.6,1.226
1284.0,48.1,1.178
1285.0,66.55013029020796,1.429320423652245
1286.0,26.4,1.3781
1287.0,40.7,1.0301
1288.0,65.5,1.0184
1289.0,47.4,1.4978
1290.0,50.8,0.9442
1291.0,54.4,0.8701
1292.0,64.0,1.5795
1293.0,46.9,0.4854
1294.0,32.3,0.4548
1295.0,56.0,0.7743
1296.0,17.4,1.1219
1297.0,66.2,0.95
1298.0,62.9,0.8454
1299.0,33.9,0.8771
1300.0,43.6,1.3396
1301.0,41.9,0.8674
1302.0,51.5,0.8313
1303.0,56.9,1.3999
1304.0,40.4,0.6178
1305.0,45.2,0.5134
1306.0,67.1,0.7411
1307.0,60.9,0.4857
1308.0,35.8,0.6944
1309.0,75.0,0.8799
1310.0,84.5,0.7822
1311.0,54.8,0.4704
1312.0,31.91827144486043,1.429320423652245
1313.0,42.9,1.8909
1314.0,60.0,1.0919
1315.0,47.5,1.6595
1316.0,41.2,0.4908
1317.0,21.0,0.8452
1318.0,32.8,1.2776
1319.0,51.5,1.4852
1320.0,31.918271444860427,1.4293204236522452
1321.0,57.7,1.0356
1322.0,58.1,1.457
1323.0,50.7,1.1844
1324.0,49.3,1.0668
1325.0,44.2,1.4657
1326.0,69.8,0.8039
1327.0,21.9,0.5215
1328.0,49.8,0.7971
1329.0,38.0,1.4029
1330.0,46.9,0.8329
1331.0,70.8,1.98
1332.0,57.8,1.0669
1333.0,66.55013029020796,0.6217401257860824
1334.0,66.55013029020796,1.0255302747191637
1335.0,33.9,0.8771
1336.0,49.8,0.7971
1337.0,42.2,0.4224
1338.0,39.3,0.8355
1339.0,56.0,1.1215
1340.0,37.5,1.4251
1341.0,40.6,1.1588
1342.0,37.5,0.622
1343.0,56.4,0.5609
1344.0,11.9,0.9252
1345.0,26.8,1.0648
1346.0,62.9,0.9948
1347.0,71.9,1.1312
1348.0,56.6,0.7418
1349.0,69.2,0.9906
1350.0,83.8,0.7768
1351.0,43.0,1.1629
1352.0,19.9,1.2437
1353.0,51.4,0.679
1354.0,59.1,0.774
1355.0,54.8,1.1403
1356.0,43.6,0.4865
1357.0,46.6,1.37
1358.0,53.0,0.8209
1359.0,43.4,1.1915
1360.0,75.5,1.172
1361.0,48.5,1.1878
1362.0,56.0,1.0151
1363.0,66.55013029020796,1.0255302747191637
1364.0,51.0,1.3805
1365.0,52.7,1.4568
1366.0,38.1,0.3267
1367.0,81.7,1.0727
1368.0,50.2,0.3934
1369.0,46.9,0.8329
1370.0,78.3,1.0415
1371.0,49.5,1.5022
1372.0,44.7,0.4186
1373.0,76.3,1.3519
1374.0,58.8,0.4578
1375.0,30.1,0.9953
1376.0,30.6,0.479
1377.0,33.3,0.3591
1378.0,64.3,0.9628
1379.0,57.9,0.9662
1380.0,70.3,0.9323
1381.0,22.8,0.9616
1382.0,21.8,1.4653
1383.0,59.2,1.0736
1384.0,22.7,1.3324
1385.0,35.3,1.2396
1386.0,40.1,1.2822
1387.0,31.5,1.4487
1388.0,42.4,0.4716
1389.0,62.9,1.0335
1390.0,23.7,0.7119
1391.0,16.8,0.9448
1392.0,57.6,1.2323
1393.0,34.7,0.4259
1394.0,60.7,1.0591
1395.0,40.7,1.5002
1396.0,68.4,0.8443
1397.0,31.91827144486043,1.429320423652245
1398.0,57.9,0.9063
1399.0,50.2,0.3934
1400.0,76.3,1.6017
1401.0,77.4,0.7383
1402.0,81.4,1.1025
1403.0,52.6,1.0911
1404.0,26.9,1.6477
1405.0,57.1,0.9309
1406.0,66.9,1.2631
1407.0,78.6,1.2839
1408.0,59.7,0.7648
1409.0,29.7,0.4205
1410.0,56.3,0.8743
1411.0,32.2,0.5032
1412.0,67.5,0.7173
1413.0,40.8,1.6203
1414.0,67.4,0.9417
1415.0,25.2,0.3242
1416.0,45.8,0.9855
1417.0,30.7,0.7176
1418.0,59.6,0.5523
1419.0,34.1,0.6781
1420.0,45.5,1.5926
1421.0,66.7,1.2772
1422.0,50.8,1.6917
1423.0,29.2,0.592
1424.0,59.5,0.9097
1425.0,69.9,1.0371
1426.0,36.9,1.2133
1427.0,26.2,0.4604
1428.0,80.7,1.0688
1429.0,28.2,1.3921
1430.0,45.8,1.2465
1431.0,43.5,1.592
1432.0,80.9,0.667
1433.0,43.3,1.2161
1434.0,60.4,1.9759
1435.0,49.7,0.7503
1436.0,52.2,1.6086
1437.0,79.7,1.0858
1438.0,45.1,0.8286
1439.0,43.3,1.2161
1440.0,27.1,0.9736
1441.0,31.91827144486043,0.6217401257860824
1442.0,69.8,0.939
1443.0,35.0,1.1981
1444.0,62.5,1.3401
1445.0,69.9,0.8298
1446.0,14.9,1.1033
1447.0,35.6,0.8924
1448.0,79.6,1.2616
1449.0,76.6,1.5907
1450.0,44.9,0.9875
1451.0,24.9,1.1663
1452.0,68.7,0.5317
1453.0,19.6,1.0029
1454.0,69.5,0.7084
1455.0,54.5,0.8887
1456.0,55.9,0.9722
1457.0,82.4,0.9294
1458.0,43.6,0.4865
1459.0,38.3,1.3548
1460.0,60.8,0.6657
1461.0,76.8,1.8881
1462.0,50.1,0.415
1463.0,51.1,1.6044
1464.0,45.0,1.039
1465.0,47.8,1.5662
1466.0,80.8,1.1898
1467.0,66.55013029020796,0.6217401257860824
1468.0,48.9,1.634
1469.0,77.3,0.7782
1470.0,80.3,1.6212
1471.0,49.8,0.9514
1472.0,49.2342008675342,1.0255302747191637
1473.0,81.8,1.0416
1474.0,48.8,0.429
1475.0,20.8,1.2446
1476.0,56.0,0.8292
1477.0,54.3,0.8757
1478.0,76.9,0.7682
1479.0,37.6,1.0315
1480.0,48.0,1.2086
1481.0,45.9,0.9342
1482.0,63.9,0.9307
1483.0,24.8,0.8283
1484.0,53.6,1.0167
1485.0,59.9,1.0498
1486.0,30.6,0.4443
1487.0,44.8,1.3061
1488.0,49.2342008675342,1.429320423652245
1489.0,53.1,0.9529
1490.0,43.4,0.8553
1491.0,64.3,0.7257
1492.0,79.1,1.7877
1493.0,75.0,0.8799
1494.0,43.5,1.6989
1495.0,49.8,0.7971
1496.0,42.2,1.0762
1497.0,51.6,1.9269
1498.0,30.0,0.4245
1499.0,46.2,1.1389
1500.0,49.2342008675342,1.0255302747191637
1501.0,54.8,1.9309
1502.0,60.1,1.064
1503.0,31.5,1.6675
1504.0,40.9,1.4405
1505.0,69.5,1.2623
1506.0,47.5,0.9146
1507.0,65.1,0.9399
1508.0,60.9,1.5322
1509.0,23.7,1.3331
1510.0,28.7,0.9423
1511.0,67.4,0.6537
1512.0,77.4,0.7383
1513.0,44.4,1.0457
1514.0,38.8,1.1929
1515.0,84.5,0.6608
1516.0,53.5,1.9267
1517.0,28.6,0.9008
1518.0,57.8,1.3138
1519.0,81.3,0.689
1520.0,30.2,1.1761
1521.0,59.9,1.6992
1522.0,17.1,0.8124
1523.0,61.6,1.9067
1524.0,78.8,1.008
1525.0,26.7,0.6137
1526.0,56.0,0.7743
1527.0,19.5,0.8981
1528.0,39.4,1.5147
1529.0,70.1,0.8343
1530.0,20.9,1.3701
1531.0,47.9,0.4079
1532.0,41.2,0.2693
1533.0,17.9,0.2977
1534.0,69.6,1.607
1535.0,53.6,0.5992
1536.0,43.46222439330961,1.1601269910301906
1537.0,20.7,0.2906
1538.0,43.2,1.823
1539.0,76.9,0.7682
1540.0,69.6,1.2593
1541.0,76.6,1.2202
1542.0,67.4,0.9417
1543.0,64.3,0.7934
1544.0,56.0,0.7743
1545.0,49.8,1.1765
1546.0,46.8,0.7885
1547.0,75.7,1.0693
1548.0,25.0,1.0246
1549.0,44.0,0.5153
1550.0,33.4,0.8519
1551.0,38.4,0.5488
1552.0,44.9,0.4472
1553.0,31.918271444860427,1.1601269910301908
1554.0,42.4,0.9515
1555.0,12.3,1.0326
1556.0,48.0,1.2678
1557.0,17.3,0.2606
1558.0,48.1,1.8144
1559.0,41.8,0.561
1560.0,25.3,1.2165
1561.0,30.6,0.7538
1562.0,16.2,0.8454
1563.0,57.0,1.3507
1564.0,66.4,1.4592
1565.0,31.6,1.1417
1566.0,32.5,0.2783
1567.0,41.5,0.9571
1568.0,33.5,0.4378
1569.0,60.9,0.7966
1570.0,71.1,0.6973
1571.0,61.6,0.7856
1572.0,48.0,0.3879
1573.0,37.0,0.6447
1574.0,30.0,0.4245
1575.0,30.5,0.9722
1576.0,43.7,0.3688
1577.0,78.8,1.5855
1578.0,67.9,1.5901
1579.0,26.7,1.168
1580.0,31.5,0.2464
1581.0,85.3,1.3412
1582.0,44.1,0.9855
1583.0,21.0,1.1248
1584.0,64.6,0.9864
1585.0,78.4,1.3917
1586.0,76.6,1.2183
1587.0,46.5,1.1917
1588.0,50.6,1.2981
1589.0,46.1,1.0249
1590.0,43.4,1.1915
1591.0,33.6,0.4902
1592.0,47.2,1.1043
1593.0,41.2,0.4046
1594.0,75.9,0.6055
1595.0,58.7,0.8605
1596.0,37.5,0.3426
1597.0,29.7,0.4205
1598.0,56.0,1.2623
1599.0,25.7,0.8942
1600.0,55.006177341758786,0.8909335584081366
1601.0,68.2,0.6033
1602.0,40.4,1.5442
1603.0,56.8,0.5421
1604.0,62.7,1.9158
1605.0,52.6,1.0911
1606.0,66.3,1.4047
1607.0,44.1,0.5909
1608.0,58.0,1.1901
1609.0,38.3,0.8381
1610.0,66.1,0.601
1611.0,76.3,0.7389
1612.0,52.0,2.0297
1613.0,52.8,0.9722
1614.0,64.5,0.7554
1615.0,59.7,0.4604
1616.0,56.5,0.7924
1617.0,46.1,1.3373
1618.0,75.0,0.739
1619.0,57.9,1.5449
1620.0,62.2,0.851
1621.0,22.6,1.1658
1622.0,56.4,1.1342
1623.0,50.0,1.203
1624.0,32.4,0.2563
1625.0,47.1,1.0666
1626.0,46.7,1.4874
1627.0,78.5,0.645
1628.0,46.8,0.39
1629.0,55.9,1.1547
1630.0,32.2,0.9096
1631.0,41.5,0.7483
1632.0,46.2,1.4903
1633.0,19.5,1.1539
1634.0,31.3,1.7736
1635.0,32.3,0.3871
1636.0,52.1,0.9785
1637.0,35.7,0.844
1638.0,76.4,0.7661
1639.0,70.8,0.9386
1640.0,72.7,1.076
1641.0,70.1,0.8343
1642.0,22.5,1.205
1643.0,62.5,0.9582
1644.0,51.2,0.5516
1645.0,60.9,0.7966
1646.0,45.3,1.1016
1647.0,45.6,1.0524
1648.0,37.5,1.4251
1649.0,43.7,0.8856
1650.0,15.3,0.8649
1651.0,63.1,0.5381
1652.0,75.4,0.9566
1653.0,63.2,1.524
1654.0,60.2,1.0617
1655.0,54.0,1.4114
1656.0,52.0,0.6738
1657.0,48.5,0.8704
1658.0,55.7,0.9087
1659.0,68.4,0.8443
1660.0,42.0,0.9665
1661.0,36.4,1.1158
1662.0,37.0,1.0197
1663.0,50.1,0.8744
1664.0,43.46222439330961,0.8909335584081366
1665.0,66.3,1.208
1666.0,38.6,1.0919
1667.0,24.0,0.6263
1668.0,66.55013029020796,1.0255302747191637
1669.0,56.0,1.0151
1670.0,15.4,0.7913
1671.0,70.9,0.8386
1672.0,78.0,1.8636
1673.0,64.9,1.5473
1674.0,66.55013029020796,1.429320423652245
1675.0,49.3,0.6772
1676.0,41.0,0.6792
1677.0,30.6,1.7493
1678.0,70.0,1.5366
1679.0,55.5,0.7711
1680.0,34.7,0.7369
1681.0,28.5,1.1809
1682.0,66.55013029020796,0.6217401257860824
1683.0,73.8,1.24
1684.0,70.9,0.8706
1685.0,68.9,0.9439
1686.0,42.3,1.326
1687.0,44.1,1.1269
1688.0,55.9,0.9722
1689.0,46.0,1.6376
1690.0,21.9,0.5215
1691.0,59.5,0.5519
1692.0,64.9,0.4661
1693.0,30.6,0.6295
1694.0,70.0,1.5366
1695.0,46.3,0.9394
1696.0,32.3,0.5117
1697.0,55.006177341758786,1.1601269910301908
1698.0,44.3,0.8929
1699.0,37.3,1.3081
1700.0,70.6,0.9731
1701.0,65.0,1.8897
1702.0,49.9,1.4135
1703.0,61.3,0.5657
1704.0,66.4,1.0673
1705.0,43.0,0.9074
1706.0,76.9,1.4051
1707.0,80.7,1.1181
1708.0,72.6,1.0936
1709.0,25.9,0.8503
1710.0,49.5,1.5022
1711.0,81.8,1.0416
1712.0,53.0,0.9722
1713.0,31.9,0.2031
1714.0,49.2342008675342,1.0255302747191637
1715.0,49.9,0.8394
1716.0,12.3,1.0326
1717.0,71.7,0.7439
1718.0,23.2,1.502
1719.0,40.4,1.1421
1720.0,40.1,0.9978
1721.0,43.5,1.6989
1722.0,77.6,1.3792
1723.0,32.9,0.6737
1724.0,62.7,0.7813
1725.0,63.6,0.6982
1726.0,54.8,1.3387
1727.0,30.9,1.4875
1728.0,65.7,1.9079
1729.0,50.9,1.2823
1730.0,49.2342008675342,1.429320423652245
1731.0,47.2,1.5025
1732.0,42.6,1.0907
1733.0,22.7,0.5722
1734.0,57.3,1.7822
1735.0,65.4,0.6644
1736.0,84.3,0.8881
1737.0,55.6,0.8453
1738.0,66.55013029020796,0.6217401257860824
1739.0,60.6,1.4062
1740.0,25.7,0.3341
1741.0,67.5,0.9467
1742.0,79.2,1.182
1743.0,17.1,1.0398
1744.0,78.8,1.8885
1745.0,40.0,1.153
1746.0,66.55013029020796,1.429320423652245
1747.0,61.2,1.9808
1748.0,60.2,0.4639
1749.0,30.4,1.3031
1750.0,25.2,0.2996
1751.0,48.5,1.4953
1752.0,72.9,0.9738
1753.0,49.2342008675342,1.0255302747191637
1754.0,40.2,0.9725
1755.0,20.6,1.2445
1756.0,31.2,0.3533
1757.0,55.1,1.6872
1758.0,39.8,1.2231
1759.0,13.8,1.1803
1760.0,53.4,0.9775
1761.0,45.3,1.0244
1762.0,28.2,1.7808
1763.0,56.6,0.9392
1764.0,29.9,1.2875
1765.0,33.9,1.1065
1766.0,73.9,1.3601
1767.0,19.8,1.3513
1768.0,27.8,0.5843
1769.0,52.3,1.0169
1770.0,66.8,1.2691
1771.0,12.6,1.1684
1772.0,52.7,0.4345
1773.0,35.0,1.282
1774.0,57.1,0.4759
1775.0,47.2,1.1659
1776.0,44.7,1.8511
1777.0,36.4,0.2989
1778.0,51.6,0.9601
1779.0,60.5,0.8505
1780.0,67.4,0.6537
1781.0,34.9,0.9004
1782.0,75.0,0.9179
1783.0,53.4,0.9775
1784.0,39.6,1.009
1785.0,53.1,0.3642
1786.0,23.6,1.4064
1787.0,34.5,1.5911
1788.0,84.5,1.3202
1789.0,29.5,0.648
1790.0,56.6,1.4851
1791.0,59.4,1.3554
1792.0,47.2,1.616
1793.0,53.0,0.8775
1794.0,56.4,0.9319
1795.0,33.9,1.4257
1796.0,18.2,0.2908
1797.0,75.7,1.0693
1798.0,28.7,0.9423
1799.0,65.4,1.1629
1800.0,36.4,1.1528
1801.0,67.8,1.1171
1802.0,42.0,0.4464
1803.0,25.0,0.7966
1804.0,73.2,1.3458
1805.0,58.6,1.8891
1806.0,48.0,0.7181
1807.0,57.9,0.6293
1808.0,38.5,0.8801
1809.0,47.6,1.6315
1810.0,49.2342008675342,1.2274253491857043
1811.0,45.8,0.9855
1812.0,43.46222439330961,0.6217401257860824
1813.0,52.6,1.0911
1814.0,61.7,0.5926
1815.0,45.4,0.6063
1816.0,52.2,1.5881
1817.0,73.8,1.0853
1818.0,47.9,0.8573
1819.0,30.4,1.338
1820.0,51.8,0.7574
1821.0,57.9,0.9662
1822.0,84.5,1.3202
1823.0,60.2,1.0617
1824.0,16.1,1.0853
1825.0,30.1,1.6296
1826.0,45.8,1.1515
1827.0,47.6,0.9208
1828.0,30.8,0.6258
1829.0,67.9,1.0859
1830.0,43.9,1.2344
1831.0,32.4,1.4351
1832.0,64.6,0.9774
1833.0,41.4,1.097
1834.0,40.6,1.4828
1835.0,57.6,1.0195
1836.0,25.9,0.8339
1837.0,64.6,0.563
1838.0,41.7,1.3245
1839.0,32.1,1.2296
1840.0,51.6,0.4226
1841.0,37.2,1.0746
1842.0,64.1,0.8182
1843.0,50.0,0.802
1844.0,59.1,0.9928
1845.0,57.6,0.5784
1846.0,52.3,1.1121
1847.0,49.4,1.1176
1848.0,55.5,0.9521
1849.0,56.1,0.7149
1850.0,53.7,2.0691
1851.0,58.0,1.1901
1852.0,59.7,1.5889
1853.0,74.2,1.0063
1854.0,30.3,0.8925
1855.0,43.1,1.5224
1856.0,59.2,0.9985
1857.0,46.1,0.8789
1858.0,81.4,1.1025
1859.0,51.3,0.6225
1860.0,67.1,0.9274
1861.0,30.2,0.7616
1862.0,28.4,0.7804
1863.0,18.0,0.2269
1864.0,50.8,1.7419
1865.0,59.8,0.7674
1866.0,34.9,0.5869
1867.0,49.8,0.7971
1868.0,81.4,1.3046
1869.0,64.4,0.8447
1870.0,78.2,1.1664
1871.0,49.5,1.5201
1872.0,53.6,1.4379
1873.0,48.2,1.1474
1874.0,25.9,1.4069
1875.0,71.8,1.0551
1876.0,62.9,0.7831
1877.0,75.4,0.9566
1878.0,66.2,0.95
1879.0,65.6,1.9501
1880.0,44.4,0.7827
1881.0,31.0,1.111
1882.0,52.6,0.5074
1883.0,50.9,1.4105
1884.0,55.7,0.9087
1885.0,31.0,0.9268
1886.0,30.6,0.7538
1887.0,58.3,1.664
1888.0,42.3,1.4618
1889.0,60.8,0.7704
1890.0,59.3,0.7588
1891.0,21.6,0.9959
1892.0,43.8,0.423
1893.0,45.1,0.3925
1894.0,60.1,1.0557
1895.0,38.1,0.5223
1896.0,65.8,0.931
1897.0,23.1,0.5283
1898.0,40.0,0.5462
1899.0,34.1,1.6592
1900.0,49.2342008675342,1.429320423652245
1901.0,33.2,0.5222
1902.0,72.7,1.2872
1903.0,45.3,1.1016
1904.0,37.2,0.4788
1905.0,56.5,1.6341
1906.0,66.55013029020796,0.6217401257860824
1907.0,34.4,0.9072
1908.0,68.3,1.7699
1909.0,36.9,0.9271
1910.0,65.2,1.0275
1911.0,9.9,0.3754
1912.0,55.0,0.6402
1913.0,47.7,0.9142
1914.0,51.1,1.124
1915.0,84.3,0.8881
1916.0,28.7,0.4077
1917.0,47.7,1.2643
1918.0,49.2342008675342,1.0255302747191637
1919.0,20.6,0.3045
1920.0,20.3,1.2771
1921.0,59.6,0.886
1922.0,68.0,1.3102
1923.0,24.5,1.622
1924.0,38.8,0.7584
1925.0,23.0,0.977
1926.0,61.1,1.6012
1927.0,41.4,0.3576
1928.0,76.7,0.722
1929.0,36.6,1.0763
1930.0,66.8,1.2691
1931.0,42.1,1.7474
1932.0,19.0,0.4969
1933.0,53.4,0.6117
1934.0,73.4,0.8662
1935.0,20.8,0.6516
1936.0,51.2,0.6541
1937.0,81.8,1.9717
1938.0,26.0,1.4241
1939.0,34.8,1.0333
1940.0,50.3,0.8989
1941.0,32.9,1.4771
1942.0,69.2,0.9033
1943.0,45.8,0.5895
1944.0,56.6,1.0422
1945.0,28.2,1.204
1946.0,48.8,1.4412
1947.0,45.1,0.3925
1948.0,37.0,0.6447
1949.0,53.7,2.0691
1950.0,56.8,0.4688
1951.0,23.9,1.2085
1952.0,44.1,0.5748
1953.0,47.4,0.3661
1954.0,46.7,0.5191
1955.0,54.3,0.9076
1956.0,56.6,1.4851
1957.0,33.3,0.3591
1958.0,31.2,1.4127
1959.0,44.8,1.528
1960.0,81.5,0.6712
1961.0,44.4,0.342
1962.0,29.5,0.8559
1963.0,68.6,0.7409
1964.0,49.2342008675342,1.0255302747191637
1965.0,52.4,1.6356
1966.0,31.3,0.9001
1967.0,72.3,1.1632
1968.0,31.91827144486043,1.0255302747191637
1969.0,44.6,1.0872
1970.0,63.8,1.1873
1971.0,40.6,1.2327
1972.0,66.55013029020796,1.429320423652245
1973.0,23.7,0.9714
1974.0,41.3,0.4888
1975.0,67.3,1.1054
1976.0,34.4,0.9072
1977.0,26.8,1.3586
1978.0,48.9,1.634
1979.0,80.6,1.1819
1980.0,53.4,0.7366
1981.0,77.2,1.8204
1982.0,16.7,1.1867
1983.0,72.2,0.9948
1984.0,39.0,0.4644
1985.0,24.3,0.7671
1986.0,82.9,1.3706
1987.0,42.5,0.8002
1988.0,33.2,1.3793
1989.0,79.6,0.98
1990.0,16.0,0.3632
1991.0,49.7,0.997
1992.0,61.5,0.9139
1993.0,66.8,1.2691
1994.0,61.1,1.0856
1995.0,75.0,0.8799
1996.0,64.3,0.7934
1997.0,39.7,0.8482
1998.0,78.7,0.643
1999.0,53.9,0.6425
2000.0,42.9,1.3552
2001.0,24.0,0.5046
2002.0,47.7,1.093
2003.0,34.1,0.6155
2004.0,33.1,1.322
2005.0,50.1,0.8744
2006.0,56.4,0.4721
2007.0,43.3,0.8647
2008.0,19.2,1.0073
2009.0,43.3,0.8647
2010.0,55.9,1.3581
2011.0,38.8,0.7584
2012.0,18.9,0.9536
2013.0,56.4,1.5614
2014.0,32.4,0.7239
2015.0,62.3,1.0351
2016.0,60.2,1.4346
2017.0,71.6,0.6945
2018.0,52.1,0.3855
2019.0,34.6,1.1096
2020.0,26.1,0.8264
2021.0,43.7,0.3688
2022.0,57.9,0.9662
2023.0,59.7,0.5463
2024.0,20.5,0.9699
2025.0,78.5,0.803
2026.0,42.5,0.3556
2027.0,46.1,1.8141
2028.0,57.7,1.0356
2029.0,56.4,1.7447
2030.0,60.7,1.2009
2031.0,18.9,0.7692
2032.0,64.7,0.9971
2033.0,53.1,0.4942
2034.0,20.0,0.7378
2035.0,13.5,0.5139
2036.0,70.2,0.9401
2037.0,42.8,1.0053
2038.0,46.3,0.7438
2039.0,60.2,1.0654
2040.0,44.9,1.1635
2041.0,47.9,0.4686
2042.0,47.2,0.5589
2043.0,65.7,1.9079
2044.0,46.4,1.4206
2045.0,40.5,1.1667
2046.0,71.4,1.5805
2047.0,46.4,1.6542
2048.0,83.8,0.9972
2049.0,23.8,0.6738
2050.0,46.1,0.5256
2051.0,37.9,0.5733
2052.0,15.6,1.0613
2053.0,51.6,0.4226
2054.0,13.9,0.9715
2055.0,19.3,1.0369
2056.0,31.918271444860427,1.1601269910301908
2057.0,67.7,1.0198
2058.0,65.1,1.3529
2059.0,46.2,1.301
2060.0,59.7,0.6649
2061.0,74.0,0.9087
2062.0,39.3,0.8355
2063.0,59.5,0.7595
2064.0,70.1,0.6577
2065.0,53.1,1.7987
2066.0,36.6,1.0772
2067.0,20.3,1.2771
2068.0,68.5,1.0718
2069.0,53.0,1.4577
2070.0,59.0,0.8736
2071.0,55.006177341758786,1.1601269910301908
2072.0,49.8,0.7971
2073.0,34.9,1.231
2074.0,53.3,1.0407
2075.0,14.9,0.2775
2076.0,20.9,1.3701
2077.0,66.1,1.0236
2078.0,59.1,1.633
2079.0,54.4,0.8701
2080.0,62.3,0.8674
2081.0,26.9,1.1399
2082.0,73.0,1.5737
2083.0,32.6,0.4094
2084.0,44.0,1.3078
2085.0,82.8,1.2845
2086.0,74.5,0.7415
2087.0,31.8,0.4187
2088.0,34.7,0.7369
2089.0,32.9,1.4135
2090.0,29.5,0.7761
2091.0,46.4,0.9867
2092.0,58.1,0.9404
2093.0,69.7,0.7632
2094.0,47.4,1.3208
2095.0,61.7,1.0847
2096.0,79.9,1.5253
2097.0,75.4,0.9566
2098.0,20.3,0.303
2099.0,35.0,1.5669
2100.0,22.6,1.267
2101.0,72.1,0.7143
2102.0,57.9,0.8666
2103.0,70.7,1.3554
2104.0,33.0,1.0826
2105.0,79.4,1.2224
2106.0,45.6,1.1246
2107.0,78.0,1.3382
2108.0,39.5,1.1764
2109.0,35.9,0.81
2110.0,24.3,1.1894
2111.0,13.5,0.965
2112.0,59.5,0.5519
2113.0,62.1,1.1103
2114.0,25.2,0.8721
2115.0,43.46222439330961,1.1601269910301908
2116.0,39.6,1.6397
2117.0,66.3,0.9487
2118.0,47.3,0.542
2119.0,20.8,0.9562
2120.0,49.6,1.07
2121.0,40.9,0.4542
2122.0,17.1,1.0398
2123.0,64.8,0.6683
2124.0,50.9,1.009
2125.0,55.006177341758786,1.1601269910301908
2126.0,45.1,0.5971
2127.0,83.9,1.189
2128.0,77.2,1.8204
2129.0,82.2,1.8669
2130.0,43.9,1.202
2131.0,16.8,0.9448
2132.0,44.4,1.1176
2133.0,54.0,1.501
2134.0,50.9,1.2823
2135.0,31.4,0.9132
2136.0,69.4,0.6118
2137.0,34.9,0.4455
2138.0,52.0,2.0297
2139.0,68.5,1.0718
2140.0,81.9,0.9923
2141.0,74.0,0.9087
2142.0,64.8,0.8138
2143.0,33.5,1.569
2144.0,49.2342008675342,1.429320423652245
2145.0,37.3,1.4329
2146.0,57.9,0.4651
2147.0,22.7,1.041
2148.0,54.6,0.8574
2149.0,53.4,0.8998
2150.0,37.4,1.2289
2151.0,55.4,0.7999
2152.0,64.3,0.9628
2153.0,45.771014982999446,0.6217401257860824
2154.0,69.1,1.7275
2155.0,34.5,0.4586
2156.0,56.9,1.7225
2157.0,77.3,0.7782
2158.0,27.9,0.3882
2159.0,38.844643213929935,0.9447722449325475
2160.0,70.5,1.0442
2161.0,47.3,0.483
2162.0,64.8,1.683
2163.0,56.7,0.476
2164.0,45.2,1.8642
2165.0,31.0,1.1184
2166.0,77.6,1.3792
2167.0,36.8,0.3566
2168.0,24.7,0.7407
2169.0,26.4,0.5228
2170.0,20.5,0.9699
2171.0,33.7,0.6691
2172.0,63.8,1.0079
2173.0,59.3,1.3681
2174.0,55.2,1.2701
2175.0,41.1,0.3451
2176.0,36.3,0.8349
2177.0,62.5,0.9582
2178.0,22.7,0.9763
2179.0,56.7,0.476
2180.0,36.7,1.3878
2181.0,32.6,1.072
2182.0,48.0,1.4857
2183.0,25.5,0.7785
2184.0,31.8,0.4187
2185.0,42.8,1.0053
2186.0,20.8,1.2103
2187.0,59.2,1.0635
2188.0,22.6,1.0012
2189.0,47.1,0.864
2190.0,71.5,0.9197
2191.0,67.6,0.5778
2192.0,42.0,0.9665
2193.0,53.0,0.4629
2194.0,31.918271444860427,1.1601269910301908
2195.0,75.6,1.0662
2196.0,41.7,0.7093
2197.0,49.2342008675342,1.0255302747191637
2198.0,42.8,1.0053
2199.0,39.7,0.8547
2200.0,34.9,1.9841
2201.0,60.2,0.6432
2202.0,32.8,1.6527
2203.0,51.1,1.9221
2204.0,50.4,1.3379
2205.0,56.7,0.476
2206.0,35.8,0.6944
2207.0,79.6,0.98
2208.0,47.2,1.616
2209.0,37.9,1.2334
2210.0,64.2,0.9664
2211.0,49.5,0.3775
2212.0,81.3,1.3399
2213.0,48.3,1.2034
2214.0,51.8,0.8816
2215.0,50.9,1.5508
2216.0,49.2342008675342,1.429320423652245
2217.0,25.8,1.3338
2218.0,27.7,0.3481
2219.0,53.9,0.8501
2220.0,53.1,1.7987
2221.0,54.3,0.8757
2222.0,48.7,0.3706
2223.0,54.1,1.0938
2224.0,72.4,1.4758
2225.0,41.7,0.4034
2226.0,51.4,1.4956
2227.0,48.9,0.9226
2228.0,53.2,0.7555
2229.0,24.3,1.5222
2230.0,65.5,1.0184
2231.0,59.6,0.886
2232.0,69.2,1.9776
2233.0,24.9,1.363
2234.0,75.0,0.8253
2235.0,36.0,0.4623
2236.0,35.7,1.0807
2237.0,70.5,1.3504
2238.0,52.1,0.9046
2239.0,30.5,0.7981
2240.0,35.5,0.4346
2241.0,20.4,1.0195
2242.0,19.6,1.0399
2243.0,72.7,0.6791
2244.0,34.7,0.7369
2245.0,29.2,0.8055
2246.0,42.7,1.5754
2247.0,81.4,0.7055
2248.0,52.3,1.7561
2249.0,39.7,0.8547
2250.0,47.3,0.483
2251.0,48.2,1.1474
2252.0,28.6,0.9008
2253.0,60.6,1.1089
2254.0,28.7,0.7231
2255.0,30.9,1.4875
2256.0,58.8,0.4578
2257.0,56.0,0.7743
2258.0,25.6,0.3181
2259.0,31.2,0.6611
2260.0,34.2,0.3488
2261.0,66.55013029020796,0.6217401257860824
2262.0,45.6,1.0524
2263.0,45.8,1.1515
2264.0,18.0,1.2318
2265.0,63.7,1.7392
2266.0,53.8,1.4968
2267.0,55.9,0.7014
2268.0,74.5,1.4781
2269.0,64.8,0.988
2270.0,67.5,1.3855
2271.0,17.0,0.9546
2272.0,54.6,0.7589
2273.0,46.2,1.4903
2274.0,35.3,0.9845
2275.0,66.55013029020796,1.0255302747191637
2276.0,31.91827144486043,1.0255302747191637
2277.0,40.5,1.2362
2278.0,28.5,0.4405
2279.0,24.4,0.9138
2280.0,34.5,0.3946
2281.0,41.7,1.0865
2282.0,58.0,1.1901
2283.0,32.9,0.6737
2284.0,63.2,1.524
2285.0,65.6,1.9501
2286.0,54.9,0.9934
2287.0,45.9,1.0242
2288.0,64.4,1.0704
2289.0,54.0,1.2757
2290.0,46.2,1.1482
2291.0,9.9,0.3866
2292.0,53.3,1.8366
2293.0,55.7,0.763
2294.0,68.9,1.3557
2295.0,62.1,0.6746
2296.0,61.3,1.4923
2297.0,53.6,0.9326
2298.0,77.2,1.0175
2299.0,35.9,0.9164
2300.0,60.8,1.0501
2301.0,66.55013029020796,0.6217401257860824
2302.0,45.2,1.8642
2303.0,75.9,1.3991
2304.0,85.2,0.8808
2305.0,55.006177341758786,1.1601269910301908
2306.0,64.0,0.9891
2307.0,35.6,0.6697
2308.0,44.7,1.459
2309.0,20.0,0.7378
2310.0,19.1,0.8394
2311.0,63.0,1.5204
2312.0,35.9,0.4862
2313.0,35.3,0.6729
2314.0,51.4,1.4956
2315.0,76.7,1.2098
2316.0,50.7,1.6491
2317.0,81.8,1.5856
2318.0,45.0,1.039
2319.0,35.0,0.4377
2320.0,44.3,0.8294
2321.0,55.9,1.7114
2322.0,30.9,1.4875
2323.0,29.4,1.4344
2324.0,28.5,0.9658
2325.0,61.7,1.5309
2326.0,41.3,0.9007
2327.0,56.8,0.9541
2328.0,54.4,0.8701
2329.0,72.4,0.7372
2330.0,58.3,0.7868
2331.0,45.2,0.4977
2332.0,47.2,1.1825
2333.0,70.7,1.4962
2334.0,68.4,0.7324
2335.0,44.1,1.1573
2336.0,76.6,1.5907
2337.0,29.7,1.2742
2338.0,56.2,1.6255
2339.0,42.3,0.9339
2340.0,65.4,1.4854
2341.0,15.8,1.0465
2342.0,54.4,0.8701
2343.0,55.1,1.4899
2344.0,31.8,0.4187
2345.0,20.5,0.8262
2346.0,56.4,0.5609
2347.0,66.6,1.1763
2348.0,55.006177341758786,0.8909335584081366
2349.0,60.6,1.447
2350.0,42.8,1.1317
2351.0,56.0,1.1865
2352.0,59.2,0.9985
2353.0,44.3,0.7535
2354.0,19.3,0.274
2355.0,25.2,0.3242
2356.0,53.6,1.0472
2357.0,17.9,1.181
2358.0,49.0,1.4724
2359.0,23.6,1.4639
2360.0,66.55013029020796,0.6217401257860824
2361.0,44.6,1.5467
2362.0,48.7,0.4073
2363.0,61.7,1.4193
2364.0,42.8,1.4675
2365.0,67.6,1.1352
2366.0,78.4,1.3917
2367.0,75.0,0.8874
2368.0,19.1,1.3646
2369.0,43.46222439330961,1.160126991030191
2370.0,30.2,0.8771
2371.0,48.1,0.6946
2372.0,49.3,1.173
2373.0,58.3,0.9978
2374.0,40.1,0.9978
2375.0,49.1,1.423
2376.0,60.8,1.4152
2377.0,66.4,0.944
2378.0,69.1,0.9497
2379.0,36.7,1.4543
2380.0,39.5,1.2949
2381.0,51.7,2.0375
2382.0,36.5,0.7366
2383.0,67.1,1.506
2384.0,48.3,1.0723
2385.0,15.4,0.7913
2386.0,43.3,0.8647
2387.0,57.4,1.7233
2388.0,66.7,0.7634
2389.0,17.3,0.2606
2390.0,51.0,0.42
2391.0,21.5,1.0303
2392.0,61.4,0.8057
2393.0,49.8,0.4117
2394.0,32.9,0.4435
2395.0,57.3,0.4661
2396.0,63.1,1.8619
2397.0,32.6,0.4373
2398.0,47.8,1.5662
2399.0,48.7,1.6256
2400.0,36.4,1.4718
2401.0,62.8,1.5505
2402.0,70.9,1.1076
2403.0,15.8,1.1604
2404.0,63.9,1.1287
2405.0,55.006177341758786,1.1601269910301906
2406.0,35.3,0.6356
2407.0,48.3,0.5458
2408.0,72.1,0.7798
2409.0,65.8,1.5374
2410.0,46.0,1.5422
2411.0,27.2,1.4404
2412.0,57.2,1.4607
2413.0,71.9,0.7575
2414.0,27.3,0.9101
2415.0,27.1,0.948
2416.0,59.5,0.5519
2417.0,83.9,0.6967
2418.0,51.8,0.7574
2419.0,68.9,0.9411
2420.0,17.1,1.0398
2421.0,30.1,0.3281
2422.0,70.0,1.5366
2423.0,54.7,0.5201
2424.0,48.9,0.9226
2425.0,39.7,0.4206
2426.0,34.6,0.3652
2427.0,61.1,0.9537
2428.0,63.9,1.7957
2429.0,33.0,0.904
2430.0,48.9,0.7553
2431.0,52.1,0.9785
2432.0,85.3,1.3412
2433.0,17.0,0.4513
2434.0,41.0,1.1006
2435.0,44.8,1.528
2436.0,50.3,0.7577
2437.0,64.0,0.6942
2438.0,76.3,1.3519
2439.0,80.9,0.667
2440.0,35.2,1.1288
2441.0,43.8,0.9252
2442.0,36.4,1.4718
2443.0,69.8,0.8039
2444.0,74.0,0.9176
2445.0,21.6,0.9959
2446.0,66.55013029020796,0.6217401257860824
2447.0,20.6,0.3045
2448.0,51.5,0.8313
2449.0,54.8,0.6244
2450.0,71.3,1.5723
2451.0,57.8,1.3138
2452.0,55.8,0.821
2453.0,15.8,1.1604
2454.0,41.5,0.7194
2455.0,74.2,1.2256
2456.0,66.3,1.555
2457.0,40.8,1.0333
2458.0,63.9,0.65
2459.0,61.4,0.6306
2460.0,45.7,1.5324
2461.0,59.2,1.0736
2462.0,59.9,0.9335
2463.0,38.5,1.6212
2464.0,57.6,0.6471
2465.0,65.8,1.6001
2466.0,63.8,0.7236
2467.0,19.0,0.4969
2468.0,66.9,1.2631
2469.0,51.2,0.7374
2470.0,72.4,1.4758
2471.0,18.5,1.2108
2472.0,48.7,0.4874
2473.0,70.9,0.8706
2474.0,62.5,0.5191
2475.0,74.7,1.3336
2476.0,46.1,1.6852
2477.0,69.7,0.9232
2478.0,43.2,0.8926
2479.0,44.2,1.4657
2480.0,49.3,1.2271
2481.0,49.8,0.7971
2482.0,66.2,2.0011
2483.0,47.6,1.5108
2484.0,15.3,1.1485
2485.0,62.5,0.5191
2486.0,59.7,0.9499
2487.0,26.9,0.9524
2488.0,39.6,1.009
2489.0,41.4,1.097
2490.0,44.1,1.3477
2491.0,78.4,1.3333
2492.0,47.5,0.9146
2493.0,48.9,0.9226
2494.0,26.4,0.5228
2495.0,58.0,0.7239
2496.0,77.4,0.7383
2497.0,45.8,1.1515
2498.0,57.1,0.9309
2499.0,43.6,1.1226
2500.0,69.7,0.7632
2501.0,56.4,1.4496
2502.0,67.7,1.7228
2503.0,55.0,0.6402
2504.0,67.7,1.0198
2505.0,58.6,0.4915
2506.0,32.3,0.4329
2507.0,71.2,1.0175
2508.0,31.8,0.4187
2509.0,40.8,0.6814
2510.0,53.9,1.0049
2511.0,52.4,0.6767
2512.0,42.2,1.4949
2513.0,19.6,1.0399
2514.0,50.3,0.8989
2515.0,40.5,0.4414
2516.0,46.2,0.6794
2517.0,40.5,1.1667
2518.0,55.5,1.0724
2519.0,58.2,1.1435
2520.0,18.2,0.2908
2521.0,52.4,1.9055
2522.0,66.55013029020796,1.429320423652245
2523.0,54.6,0.5786
2524.0,73.0,1.5737
2525.0,33.1,1.3693
2526.0,76.4,0.9953
2527.0,74.7,0.7248
2528.0,47.4,1.3208
2529.0,56.6,1.0422
2530.0,72.4,1.4125
2531.0,34.3,1.2821
2532.0,33.1,1.1199
2533.0,45.6,1.1763
2534.0,61.9,0.7446
2535.0,68.6,1.6873
2536.0,55.4,1.0089
2537.0,61.9,1.4017
2538.0,47.9,1.4819
2539.0,39.6,0.5372
2540.0,28.2,1.2388
2541.0,54.0,0.9979
2542.0,51.4,1.1688
2543.0,47.6,0.587
2544.0,77.1,1.1072
2545.0,38.1,1.8813
2546.0,55.2,1.2701
2547.0,54.6,0.7589
2548.0,51.2,1.7928
2549.0,19.4,0.8348
2550.0,45.7,0.9224
2551.0,74.2,1.2256
2552.0,35.3,0.5763
2553.0,64.3,0.8869
2554.0,65.6,1.9501
2555.0,38.0,0.3584
2556.0,20.6,1.2445
2557.0,59.1,0.9928
2558.0,47.8,0.7293
2559.0,32.1,0.8973
2560.0,63.0,1.0316
2561.0,66.8,1.2691
2562.0,19.4,0.7872
2563.0,37.5,1.4251
2564.0,31.91827144486043,1.429320423652245
2565.0,49.5,0.7695
2566.0,59.7,1.0413
2567.0,39.0,0.4644
2568.0,47.4,0.3661
2569.0,57.1,1.2661
2570.0,26.4,1.3781
2571.0,31.91827144486043,0.6217401257860824
2572.0,24.3,0.7671
2573.0,48.0,1.2086
2574.0,76.9,0.9007
2575.0,14.5,1.0106
2576.0,70.8,1.98
2577.0,40.4,1.1421
2578.0,53.9,0.8501
2579.0,39.1,1.4881
2580.0,47.6,1.4983
2581.0,19.6,1.0029
2582.0,42.4,1.0248
2583.0,56.0,0.569
2584.0,54.6,1.1515
2585.0,40.9,1.4405
2586.0,41.5,0.7483
2587.0,38.5,1.2932
2588.0,49.8,0.7971
2589.0,35.7,1.1222
2590.0,37.5,0.3426
2591.0,64.2,0.9706
2592.0,46.9,0.8329
2593.0,44.7,1.3019
2594.0,64.4,0.8537
2595.0,40.8,1.6203
2596.0,45.5,1.1054
2597.0,14.8,0.9942
2598.0,42.2,0.9964
2599.0,69.7,0.7632
2600.0,33.9,0.8771
2601.0,58.6,0.5813
2602.0,60.5,0.9526
2603.0,26.2,0.5741
2604.0,73.3,0.8936
2605.0,57.9,0.6877
2606.0,75.6,0.9974
2607.0,38.2,0.7081
2608.0,59.9,0.5523
2609.0,54.4,0.5753
2610.0,74.9,1.9396
2611.0,34.4,0.9072
2612.0,65.4,1.1629
2613.0,46.5,1.1917
2614.0,20.5,0.9806
2615.0,81.2,0.9214
2616.0,36.9,1.0346
2617.0,33.3,0.9881
2618.0,40.5,0.7241
2619.0,59.0,0.5493
2620.0,33.8,0.8575
2621.0,45.9,1.0242
2622.0,27.1,1.797
2623.0,58.3,1.3141
2624.0,71.9,1.0071
2625.0,50.9,0.92085
2626.0,14.3,0.2462
2627.0,47.9,0.4686
2628.0,50.3,1.1444
2629.0,38.7,1.4921
2630.0,36.7,1.1202
2631.0,33.0,1.2264
2632.0,51.4,0.679
2633.0,49.6,1.0268
2634.0,68.4,1.8627
2635.0,49.6,1.7299
2636.0,29.1,1.1586
2637.0,52.1,0.6746
2638.0,67.4,1.0703
2639.0,31.91827144486043,1.0255302747191637
2640.0,25.2,1.4111
2641.0,34.6,1.2518
2642.0,19.3,1.0369
2643.0,31.91827144486043,0.6217401257860824
2644.0,42.5,1.423
2645.0,51.6,0.9461
2646.0,25.0,0.7966
2647.0,22.7,1.3324
2648.0,38.1,1.3756
2649.0,56.6,1.0422
2650.0,31.2,0.3521
2651.0,72.1,0.7143
2652.0,32.6,1.3105
2653.0,49.2342008675342,0.6217401257860824
2654.0,49.2342008675342,1.0255302747191637
2655.0,32.3,0.3871
2656.0,63.6,0.9959
2657.0,63.7,0.4327
2658.0,55.3,1.6363
2659.0,50.8,1.1924
2660.0,85.3,1.3412
2661.0,75.4,0.9566
2662.0,56.1,1.1103
2663.0,31.918271444860427,1.1601269910301908
2664.0,67.7,1.7228
2665.0,56.6,1.0902
2666.0,51.0,0.6082
2667.0,64.6,1.518
2668.0,53.2,1.5418
2669.0,50.6,1.2119
2670.0,43.46222439330961,0.8909335584081366
2671.0,79.7,1.0858
2672.0,42.0,0.9763
2673.0,58.9,1.3878
2674.0,69.0,0.5737
2675.0,83.9,1.189
2676.0,38.844643213929935,0.9447722449325475
2677.0,41.0,2.0995
2678.0,20.6,1.2445
2679.0,59.8,0.9968
2680.0,59.0,0.8736
2681.0,71.4,1.5805
2682.0,51.3,0.9144
2683.0,31.8,0.4707
2684.0,33.5,1.1602
2685.0,28.0,0.2999
2686.0,71.9,0.8202
2687.0,34.9,1.231
2688.0,70.7,1.3554
2689.0,60.3,0.4782
2690.0,73.5,1.3151
2691.0,85.7,0.7041
2692.0,15.0,0.9297
2693.0,44.6,1.0872
2694.0,19.6,1.0399
2695.0,46.3,1.524
2696.0,50.4,1.5363
2697.0,27.2,0.4157
2698.0,42.4,0.988
2699.0,35.4,0.7824
2700.0,76.9,1.4051
2701.0,38.1,1.1357
2702.0,42.9,0.3551
2703.0,25.1,1.2665
2704.0,20.3,1.18
2705.0,68.7,0.9001
2706.0,43.6,1.1974
2707.0,55.8,0.4882
2708.0,46.4,1.4206
2709.0,51.0,0.42
2710.0,34.6,1.1096
2711.0,24.7,1.6772
2712.0,61.1,1.6012
2713.0,60.2,0.7517
2714.0,41.2,0.2693
2715.0,49.3,1.1596
2716.0,20.5,0.9428
2717.0,69.7,0.7632
2718.0,36.8,0.3566
2719.0,48.4,0.8768
2720.0,30.6,1.4201
2721.0,55.4,1.2702
2722.0,58.3,0.7868
2723.0,76.8,1.8881
2724.0,23.6,1.4764
2725.0,76.3,0.7389
2726.0,39.0,1.04
2727.0,64.8,0.9135
2728.0,18.4,0.2991
2729.0,50.8,1.2631
2730.0,67.1,0.7411
2731.0,38.8,0.8228
2732.0,51.1,1.6044
2733.0,46.7,0.5191
2734.0,63.9,0.9875
2735.0,43.46222439330961,0.8909335584081366
2736.0,22.7,0.5722
2737.0,55.6,0.8453
2738.0,35.0,0.8149
2739.0,36.7,1.4502
2740.0,84.3,0.6617
2741.0,43.3,0.5238
2742.0,20.5,0.8262
2743.0,34.5,0.6262
2744.0,16.2,0.8454
2745.0,55.006177341758786,0.8909335584081366
2746.0,53.1,1.1056
2747.0,20.6,1.2445
2748.0,37.6,1.4468
2749.0,42.0,0.4464
2750.0,79.2,1.182
2751.0,46.2,1.056
2752.0,34.5,0.6262
2753.0,57.2,1.6835
2754.0,60.7,1.0591
2755.0,73.8,1.0853
2756.0,60.9,1.5398
2757.0,67.7,1.7228
2758.0,41.9,0.4857
2759.0,65.8,0.7722
2760.0,44.4,0.8313
2761.0,49.3,0.6772
2762.0,44.0,1.1225
2763.0,38.0,0.6162
2764.0,35.0,1.5669
2765.0,38.5,1.1525
2766.0,29.2,0.592
2767.0,42.9,0.3551
2768.0,77.7,0.9497
2769.0,50.1,0.6519
2770.0,76.3,1.0547
2771.0,71.9,0.7575
2772.0,27.1,0.5976
2773.0,78.3,1.2097
2774.0,35.7,0.9329
2775.0,84.5,1.3202
2776.0,62.7,0.589
2777.0,58.4,0.7367
2778.0,81.6,1.3448
2779.0,75.0,0.7418
2780.0,69.1,1.0264
2781.0,40.1,0.8048
2782.0,46.8,0.8074
2783.0,62.6,0.9419
2784.0,51.3,0.9634
2785.0,47.3,1.4771
2786.0,68.3,0.531
2787.0,67.7,1.6848
2788.0,42.3,1.1491
2789.0,50.4,1.3379
2790.0,58.5,1.5985
2791.0,61.7,0.4376
2792.0,18.9,1.0865
2793.0,65.9,1.8319
2794.0,75.7,1.5527
2795.0,23.2,0.7589
2796.0,25.7,0.3914
2797.0,64.4,0.9448
2798.0,34.0,1.231
2799.0,52.6,0.9489
2800.0,43.0,0.7108
2801.0,59.9,1.0498
2802.0,52.2,1.6086
2803.0,51.8,1.805
2804.0,62.0,1.5784
2805.0,55.5,1.9998
2806.0,9.9,0.3866
2807.0,79.4,1.3605
2808.0,54.7,0.3657
2809.0,49.8,0.4117
2810.0,34.5,1.5911
2811.0,79.3,1.5593
2812.0,66.55013029020796,0.6217401257860824
2813.0,63.1,1.4969
2814.0,16.8,0.9448
2815.0,66.2,0.95
2816.0,64.7,0.9266
2817.0,54.7,0.9394
2818.0,66.55013029020796,0.6217401257860824
2819.0,47.9,0.8573
2820.0,47.7,0.8746
2821.0,54.2,0.5755
2822.0,45.1,0.4211
2823.0,26.7,0.6137
2824.0,33.4,1.59
2825.0,31.91827144486043,0.6217401257860824
2826.0,42.9,1.8909
2827.0,37.3,1.4291
2828.0,23.6,1.4639
2829.0,56.9,1.7225
2830.0,48.0,0.3879
2831.0,67.8,0.8133
2832.0,20.7,1.059
2833.0,67.1,0.7849
2834.0,55.006177341758786,1.1601269910301908
2835.0,70.9,0.8386
2836.0,35.4,0.2497
2837.0,60.8,1.5205
2838.0,65.3,0.6842
2839.0,18.9,0.9536
2840.0,35.3,0.5763
2841.0,76.1,0.6395
2842.0,54.3,1.6117
2843.0,52.4,1.8707
2844.0,33.3,0.3591
2845.0,41.5,0.7559
2846.0,66.9,1.2631
2847.0,42.0,0.4773
2848.0,63.5,1.27
2849.0,58.8,0.4979
2850.0,42.1,0.3883
2851.0,46.8,0.4001
2852.0,28.3,0.9407
2853.0,23.2,1.4478
2854.0,66.4,1.4592
2855.0,32.3,0.3871
2856.0,39.3,1.2065
2857.0,72.3,0.8496
2858.0,48.7,0.3706
2859.0,41.3,0.4888
2860.0,36.3,1.4291
2861.0,47.0,0.6686
2862.0,67.8,1.0609
2863.0,42.5,0.4787
2864.0,14.6,1.114
2865.0,31.91827144486043,0.6217401257860824
2866.0,25.2,0.8721
2867.0,57.0,1.1665
2868.0,56.3,0.566
2869.0,59.5,1.1017
2870.0,56.9,0.9961
2871.0,39.6,0.8693
2872.0,55.006177341758786,0.8909335584081366
2873.0,85.7,0.7041
2874.0,49.8,0.4814
2875.0,57.9,0.6435
2876.0,46.8,1.1
2877.0,71.6,1.7004
2878.0,44.0,1.3034
2879.0,79.6,1.2616
2880.0,52.1,0.3855
2881.0,28.3,0.4374
2882.0,23.2,0.7589
2883.0,66.55013029020796,0.6217401257860824
2884.0,47.4,1.517
2885.0,64.0,0.6942
2886.0,66.4,1.0673
2887.0,37.3,1.4291
2888.0,41.8,0.561
2889.0,49.6,1.0268
2890.0,17.6,1.1979
2891.0,56.2,1.6255
2892.0,49.7,0.916
2893.0,28.2,1.3921
2894.0,66.55013029020796,1.0255302747191637
2895.0,50.9,1.2823
2896.0,28.7,0.9423
2897.0,42.6,1.1146
2898.0,56.0,1.3204
2899.0,78.9,0.6621
2900.0,64.0,1.013
2901.0,22.3,0.859
2902.0,66.55013029020796,0.6217401257860824
2903.0,31.4,1.431
2904.0,35.3,1.2606
2905.0,43.1,1.1396
2906.0,32.1,1.741
2907.0,49.0,1.4724
2908.0,47.3,1.2135
2909.0,46.0,0.9104
2910.0,63.2,0.9283
2911.0,56.9,0.9141
2912.0,53.0,0.9722
2913.0,61.4,1.6645
2914.0,74.0,0.9237
2915.0,64.3,0.9628
2916.0,34.8,1.1152
2917.0,78.1,1.1997
2918.0,48.6,0.8892
2919.0,44.8,0.498
2920.0,21.6,0.9959
2921.0,28.6,0.6717
2922.0,36.2,0.956
2923.0,38.8,0.8152
2924.0,47.5,0.4017
2925.0,49.7,0.4305
2926.0,56.7,0.3803
2927.0,23.5,0.3105
2928.0,33.9,0.2732
2929.0,63.9,1.7957
2930.0,41.8,0.9407
2931.0,47.7,1.2643
2932.0,64.6,0.6381
2933.0,60.7,1.0591
2934.0,44.4,1.551
2935.0,49.9,0.9289
2936.0,53.1,0.3642
2937.0,38.4,0.8743
2938.0,58.6,0.4915
2939.0,47.9,1.3156
2940.0,69.4,1.0794
2941.0,47.6,0.9208
2942.0,34.5,0.4586
2943.0,49.9,1.0135
2944.0,70.6,1.5209
2945.0,47.9,0.4867
2946.0,51.8,1.805
2947.0,38.1,1.3756
2948.0,46.8,0.8328
2949.0,24.9,0.4178
2950.0,31.91827144486043,1.429320423652245
2951.0,40.9,1.4405
2952.0,63.3,1.0266
2953.0,28.2,1.3921
2954.0,84.5,1.3202
2955.0,45.2,0.354
2956.0,62.3,0.8674
2957.0,46.4,1.4206
2958.0,50.3,1.1201
2959.0,33.0,0.4476
2960.0,29.5,1.0209
2961.0,57.8,1.3138
2962.0,42.0,0.4464
2963.0,41.5,0.9864
2964.0,20.8,1.1664
2965.0,48.9,0.9226
2966.0,35.7,1.3549
2967.0,70.9,1.6699
2968.0,36.4,1.4718
2969.0,58.4,0.9843
2970.0,83.9,0.6967
2971.0,40.4,1.512
2972.0,58.3,1.5199
2973.0,65.0,0.8966
2974.0,30.9,1.4875
2975.0,49.9,0.4325
2976.0,65.4,0.6644
2977.0,46.8,1.5669
2978.0,52.1,0.6746
2979.0,25.3,1.1444
2980.0,70.5,1.0442
2981.0,45.1,0.3925
2982.0,25.8,0.9467
2983.0,54.8,1.7063
2984.0,12.5,0.9941
2985.0,35.3,1.2396
2986.0,15.6,1.0613
2987.0,18.2,1.0376
2988.0,31.8,0.4187
2989.0,25.4,0.9933
2990.0,60.4,0.939
2991.0,65.2,1.1982
2992.0,68.9,1.3557
2993.0,26.6,1.423
2994.0,26.5,1.6352
2995.0,64.7,0.9971
2996.0,43.9,1.2344
2997.0,31.91827144486043,1.429320423652245
2998.0,62.0,0.6265
2999.0,52.7,0.4345
3000.0,28.3,1.5338
3001.0,40.6,1.1588
3002.0,66.55013029020796,1.429320423652245
3003.0,48.7,0.4073
3004.0,49.2,1.5988
3005.0,26.7,0.6323
3006.0,46.9,1.1585
3007.0,69.5,0.8261
3008.0,68.5,1.439
3009.0,23.7,0.9714
3010.0,28.7,1.2885
3011.0,20.5,0.8262
3012.0,70.5,1.3504
3013.0,47.8,1.1093
3014.0,14.9,1.111
3015.0,66.8,1.2691
3016.0,58.8,0.4979
3017.0,64.0,1.5795
3018.0,49.1,1.5546
3019.0,78.9,0.6621
3020.0,56.5,2.0895
3021.0,62.8,1.3127
3022.0,24.5,1.622
3023.0,31.91827144486043,1.429320423652245
3024.0,41.3,1.1383
3025.0,69.9,1.0371
3026.0,71.0,0.9279
3027.0,27.7,0.3481
3028.0,50.5,1.2082
3029.0,42.0,0.4464
3030.0,34.5,1.5911
3031.0,22.5,1.1974
3032.0,19.2,0.242
3033.0,33.0,1.0826
3034.0,16.2,0.8454
3035.0,41.5,1.3106
3036.0,47.4,0.3661
3037.0,33.0,1.5987
3038.0,82.0,1.277
3039.0,31.91827144486043,0.6217401257860824
3040.0,29.8,1.7045
3041.0,37.2,0.4788
3042.0,40.2,0.997
3043.0,63.7,0.9196
3044.0,27.0,0.8821
3045.0,18.9,1.3251
3046.0,48.6,0.4822
3047.0,15.0,1.1125
3048.0,25.9,1.0489
3049.0,71.0,0.8115
3050.0,40.1,1.2822
3051.0,14.0,0.4495
3052.0,74.2,0.9117
3053.0,63.7,0.4327
3054.0,58.4,0.896
3055.0,41.813088257816865,1.0832145817096037
3056.0,27.1,1.6226
3057.0,19.9,1.0112
3058.0,43.5,0.3852
3059.0,19.2,0.2677
3060.0,51.5,1.621
3061.0,56.3,0.566
3062.0,65.3,0.6842
3063.0,68.0,0.9722
3064.0,38.1,1.0917
3065.0,72.1,1.336
3066.0,37.0,0.6447
3067.0,44.3,0.6141
3068.0,30.0,0.952
3069.0,16.0,1.1444
3070.0,25.7,0.3422
3071.0,12.2,0.5007
3072.0,60.9,1.5092
3073.0,35.7,1.1222
3074.0,31.918271444860427,1.4293204236522452
3075.0,43.7,0.8856
3076.0,30.2,1.2502
3077.0,74.9,0.9362
3078.0,46.1,1.3091
3079.0,59.5,1.1269
3080.0,35.8,0.7276
3081.0,31.91827144486043,1.0255302747191637
3082.0,68.5,1.0718
3083.0,47.7,1.4649
3084.0,40.2,0.997
3085.0,20.6,0.8478
3086.0,59.7,1.5889
3087.0,42.0,0.4773
3088.0,45.0,0.5114
3089.0,70.7,1.6996
3090.0,47.0,0.6686
3091.0,37.3,1.1199
3092.0,49.2342008675342,0.6217401257860824
3093.0,70.7,1.4962
3094.0,70.0,1.5366
3095.0,51.5,0.4263
3096.0,44.5,0.3574
3097.0,35.8,1.1421
3098.0,37.9,1.2994
3099.0,25.9,1.4069
3100.0,38.1,0.8511
3101.0,18.9,1.0865
3102.0,70.5,1.2921
3103.0,57.6,1.0271
3104.0,83.9,1.189
3105.0,22.3,1.0366
3106.0,37.4,0.2487
3107.0,53.7,0.6409
3108.0,68.9,0.8329
3109.0,76.7,0.722
3110.0,62.2,1.0961
3111.0,78.5,1.994
3112.0,52.4,0.9709
3113.0,36.8,0.988
3114.0,52.3,1.1121
3115.0,54.1,1.28
3116.0,42.4,0.6159
3117.0,49.8,0.7971
3118.0,66.9,1.2926
3119.0,34.2,1.6145
3120.0,68.0,1.0376
3121.0,39.3,1.2065
3122.0,43.46222439330961,0.8909335584081366
3123.0,14.0,0.4495
3124.0,28.1,0.5817
3125.0,41.5,0.7194
3126.0,43.3,1.5255
3127.0,37.2,0.9683
3128.0,32.8,0.5364
3129.0,76.6,0.8678
3130.0,57.8,1.0669
3131.0,50.6,1.6475
3132.0,26.6,1.192
3133.0,45.1,0.4211
3134.0,51.8,0.7574
3135.0,53.3,0.4006
3136.0,77.9,0.7914
3137.0,66.9,1.2631
3138.0,60.6,2.063
3139.0,64.8,1.0135
3140.0,45.9,0.3804
3141.0,51.2,1.4795
3142.0,64.0,0.9891
3143.0,38.1,1.1838
3144.0,49.8,1.367
3145.0,60.4,1.9759
3146.0,22.3,0.859
3147.0,31.91827144486043,0.6217401257860824
3148.0,74.0,0.9237
3149.0,57.0,0.8315
3150.0,69.3,1.7515
3151.0,49.2,0.9459
3152.0,36.8,0.3566
3153.0,59.3,0.6123
3154.0,41.0,0.3327
3155.0,60.9,1.5322
3156.0,33.1,1.0955
3157.0,32.9,0.4131
3158.0,61.4,1.6645
3159.0,63.6,0.6982
3160.0,48.8,0.429
3161.0,50.3,1.2207
3162.0,43.5,1.592
3163.0,53.0,0.8209
3164.0,70.2,1.0457
3165.0,65.7,0.9858
3166.0,76.5,0.6728
3167.0,59.6,1.0673
3168.0,64.7,0.9971
3169.0,51.4,0.8071
3170.0,76.8,1.8881
3171.0,75.0,0.8799
3172.0,44.3,1.4544
3173.0,33.1,1.3693
3174.0,63.8,1.1896
3175.0,66.2,0.95
3176.0,17.9,0.9444
3177.0,38.4,1.1503
3178.0,72.9,0.9738
3179.0,19.5,0.9515
3180.0,46.3,1.5768
3181.0,50.3,0.8989
3182.0,53.0,1.9097
3183.0,64.6,0.8888
3184.0,65.6,0.962
3185.0,32.5,0.2783
3186.0,68.5,1.0718
3187.0,62.3,1.0216
3188.0,56.6,1.0902
3189.0,30.2,1.2744
3190.0,36.9,1.803
3191.0,50.7,1.1724
3192.0,28.2,1.204
3193.0,81.3,1.6066
3194.0,47.1,1.1287
3195.0,63.4,0.4787
3196.0,14.2,1.1128
3197.0,45.8,0.9855
3198.0,41.7,0.632
3199.0,51.0,1.8287
3200.0,50.3,0.7577
3201.0,69.6,1.79
3202.0,50.6,1.6475
3203.0,57.6,0.6304
3204.0,57.7,0.6222
3205.0,74.7,1.2824
3206.0,48.4,0.8768
3207.0,32.1,1.7841
3208.0,37.9,1.016
3209.0,66.55013029020796,1.0255302747191637
3210.0,74.3,1.7083
3211.0,25.1,0.9158
3212.0,47.4,0.8178
3213.0,62.9,0.6234
3214.0,68.2,1.9739
3215.0,28.9,1.4792
3216.0,51.1,1.0362
3217.0,52.6,1.0911
3218.0,50.6,1.2981
3219.0,57.6,0.9517
3220.0,64.0,1.013
3221.0,60.4,1.9759
3222.0,48.8,1.0751
3223.0,60.0,1.0919
3224.0,57.6,0.9416
3225.0,36.8,0.3908
3226.0,71.8,1.0657
3227.0,29.9,0.8879
3228.0,58.3,1.4444
3229.0,33.0,1.0826
3230.0,27.6,0.7254
3231.0,65.5,1.5078
3232.0,40.9,1.3389
3233.0,76.9,1.5945
3234.0,47.4,1.4978
3235.0,43.4,0.4366
3236.0,54.4,0.8701
3237.0,51.4,0.8071
3238.0,48.0,1.2678
3239.0,33.0,1.2264
3240.0,35.3,0.9845
3241.0,70.1,1.7366
3242.0,83.9,1.189
3243.0,42.7,1.4864
3244.0,66.4,0.699
3245.0,62.7,0.8726
3246.0,63.7,1.4524
3247.0,59.2,1.0736
3248.0,31.91827144486043,0.6217401257860824
3249.0,58.3,0.9978
3250.0,21.7,0.5945
3251.0,46.1,1.1725
3252.0,51.4,1.4956
3253.0,51.0,0.6082
3254.0,56.4,1.9349
3255.0,26.4,0.5228
3256.0,22.3,1.0366
3257.0,66.55013029020796,1.0255302747191637
3258.0,43.7,0.3809
3259.0,37.5,0.622
3260.0,37.8,0.9462
3261.0,62.3,1.0351
3262.0,61.5,0.9139
3263.0,73.1,1.257
3264.0,23.2,0.7589
3265.0,50.4,1.8274
3266.0,31.2,0.3521
3267.0,48.8,0.7606
3268.0,47.2,1.1043
3269.0,54.0,1.2744
3270.0,53.4,0.9775
3271.0,36.2,1.1562
3272.0,36.7,0.8044
3273.0,78.2,1.1664
3274.0,36.9,0.5939
3275.0,22.0,0.8702
3276.0,68.2,0.9271
3277.0,49.4,1.3568
3278.0,42.4,0.7569
3279.0,49.4,1.3568
3280.0,74.8,1.491
3281.0,44.7,1.459
3282.0,49.2342008675342,1.429320423652245
3283.0,34.4,1.3899
3284.0,78.2,1.1664
3285.0,22.7,1.3887
3286.0,34.2,0.6669
3287.0,21.8,1.3384
3288.0,54.8,1.2867
3289.0,53.4,0.63
3290.0,50.9,1.5508
3291.0,57.0,1.0484
3292.0,65.3,1.4894
3293.0,44.6,0.4613
3294.0,70.1,0.6577
3295.0,52.4,1.8707
3296.0,44.9,1.5278
3297.0,57.1,0.9581
3298.0,19.8,0.5933
3299.0,35.5,0.8017
3300.0,26.8,0.8921
3301.0,79.1,1.5709
3302.0,64.9,1.4905
3303.0,49.2,1.5988
3304.0,76.8,1.8881
3305.0,59.7,1.5889
3306.0,38.2,1.788
3307.0,46.3,1.1913
3308.0,45.3,1.6957
3309.0,58.1,1.5951
3310.0,68.7,0.5317
3311.0,40.4,0.7228
3312.0,62.0,0.6265
3313.0,33.0,0.4476
3314.0,82.9,1.3706
3315.0,79.0,1.704
3316.0,46.5,1.1917
3317.0,22.4,0.5955
3318.0,28.2,1.2962
3319.0,44.6,1.0872
3320.0,26.9,0.8845
3321.0,48.3,1.4449
3322.0,21.7,0.5945
3323.0,60.6,2.063
3324.0,49.9,0.8394
3325.0,49.2,1.5418
3326.0,76.9,0.7682
3327.0,57.9,1.5958
3328.0,62.5,0.7509
3329.0,73.2,1.2755
3330.0,42.8,1.0053
3331.0,42.6,1.04
3332.0,46.6,0.8176
3333.0,25.2,1.4111
3334.0,63.8,1.1896
3335.0,31.91827144486043,1.429320423652245
3336.0,47.8,1.5548
3337.0,34.2,0.4291
3338.0,54.8,1.7063
3339.0,69.2,1.763
3340.0,46.0,1.0524
3341.0,70.1,1.1328
3342.0,79.9,1.0697
3343.0,43.5,1.1624
3344.0,26.2,1.1161
3345.0,28.7,1.7256
3346.0,49.8,0.7971
3347.0,73.8,1.24
3348.0,35.4,0.7812
3349.0,27.1,1.797
3350.0,44.6,1.0872
3351.0,33.0,0.3827
3352.0,52.6,0.5074
3353.0,36.5,0.664
3354.0,22.6,1.0012
3355.0,50.9,1.5593
3356.0,67.4,0.7814
3357.0,74.0,0.5591
3358.0,74.0,0.9176
3359.0,51.8,0.7574
3360.0,54.4,0.8701
3361.0,70.2,1.0457
3362.0,59.7,0.9285
3363.0,41.2,0.2693
3364.0,66.6,1.1763
3365.0,64.0,1.4282
3366.0,59.9,1.6992
3367.0,43.7,0.3688
3368.0,63.6,0.6982
3369.0,18.9,1.3251
3370.0,33.7,0.379
3371.0,57.9,0.9662
3372.0,70.9,1.6699
3373.0,77.2,1.0175
3374.0,60.5,2.1008
3375.0,21.3,0.4396
3376.0,48.0,1.2678
3377.0,56.9,1.7472
3378.0,70.9,0.8706
3379.0,58.1,0.9404
3380.0,63.4,0.7791
3381.0,19.8,0.5933
3382.0,81.5,1.5418
3383.0,24.4,0.8174
3384.0,70.8,0.9386
3385.0,65.0,1.2775
3386.0,39.8,1.5053
3387.0,52.7,1.0285
3388.0,57.3,0.7015
3389.0,67.6,0.853
3390.0,62.3,0.8674
3391.0,49.2342008675342,1.429320423652245
3392.0,31.8,0.3858
3393.0,44.7,0.9186
3394.0,22.6,1.1658
3395.0,48.6,1.8253
3396.0,48.6,0.79
3397.0,57.7,1.7765
3398.0,62.6,1.226
3399.0,16.2,0.8454
3400.0,64.3,0.9628
3401.0,25.9,1.2437
3402.0,17.6,1.1979
3403.0,53.6,1.4379
3404.0,53.5,1.9267
3405.0,44.1,0.6324
3406.0,49.2,1.5988
3407.0,59.9,1.6246
3408.0,39.2,0.6278
3409.0,65.3,1.5066
3410.0,31.8,1.1176
3411.0,28.1,0.9688
3412.0,32.5,1.2441
3413.0,71.2,1.0175
3414.0,51.7,0.9019
3415.0,46.9,0.628
3416.0,12.2,0.5007
3417.0,66.7,0.7634
3418.0,55.6,1.499
3419.0,55.0,2.0697
3420.0,56.9,1.739
3421.0,79.2,1.4398
3422.0,50.4,1.823
3423.0,47.1,1.6573
3424.0,52.4,0.9017
3425.0,45.9,1.0242
3426.0,69.1,1.0264
3427.0,54.2,0.6183
3428.0,21.3,0.8054
3429.0,63.6,0.6982
3430.0,58.4,1.7508
3431.0,45.9,0.3728
3432.0,56.4,1.1342
3433.0,39.4,0.4035
3434.0,74.7,0.7248
3435.0,24.3,0.7671
3436.0,51.0,0.3947
3437.0,77.2,1.0175
3438.0,48.6,0.79
3439.0,77.2,1.5104
3440.0,40.9,0.8394
3441.0,69.5,1.7447
3442.0,24.2,1.0386
3443.0,66.4,1.4592
3444.0,51.4,0.8071
3445.0,18.6,0.8398
3446.0,37.2,0.4788
3447.0,84.3,0.8881
3448.0,24.1,1.3924
3449.0,51.9,1.7148
3450.0,59.5,0.7276
3451.0,36.3,0.2388
3452.0,52.1,1.1642
3453.0,56.3,0.4455
3454.0,40.8,1.6203
3455.0,55.8,0.821
3456.0,59.9,0.5523
3457.0,55.8,1.3974
3458.0,42.7,1.0949
3459.0,53.8,0.3542
3460.0,81.0,0.677
3461.0,24.3,1.2087
3462.0,77.2,1.0175
3463.0,24.5,0.363
3464.0,71.8,1.5372
3465.0,38.6,1.2352
3466.0,49.1,1.7101
3467.0,18.5,1.3076
3468.0,58.4,1.3473
3469.0,36.4,0.3635
3470.0,40.57623615619732,1.0255302747191637
3471.0,19.8,0.2933
3472.0,33.7,1.1228
3473.0,37.9,1.016
3474.0,41.3,1.1383
3475.0,16.7,1.0045
3476.0,55.8,1.098
3477.0,48.0,1.2086
3478.0,68.6,1.5882
3479.0,52.9,0.4841
3480.0,46.3,1.0158
3481.0,33.2,0.6975
3482.0,45.3,1.2299
3483.0,53.4,0.6117
3484.0,71.2,1.6834
3485.0,37.4,1.2289
3486.0,36.9,1.1764
3487.0,62.7,0.4943
3488.0,48.2,1.1474
3489.0,34.9,0.456
3490.0,52.6,0.5074
3491.0,48.0,0.6046
3492.0,64.9,1.571
3493.0,80.7,1.1199
3494.0,35.9,1.0684
3495.0,45.8,1.4464
3496.0,35.1,1.1919
3497.0,46.8,1.5669
3498.0,64.6,0.6381
3499.0,49.8,1.1095
3500.0,54.9,0.9853
3501.0,38.9,0.4141
3502.0,48.9,1.3424
3503.0,36.9,0.9271
3504.0,43.9,0.7487
3505.0,44.0,1.3034
3506.0,63.3,0.8067
3507.0,57.0,1.5314
3508.0,61.9,0.6056
3509.0,76.3,1.0547
3510.0,24.8,0.2923
3511.0,39.6,0.344
3512.0,40.7,0.9045
3513.0,43.3,1.2161
3514.0,46.3,1.5768
3515.0,56.9,1.7472
3516.0,64.0,1.4282
3517.0,50.8,0.9442
3518.0,62.7,0.7813
3519.0,75.4,0.9566
3520.0,25.0,1.0246
3521.0,11.9,0.9476
3522.0,46.5,1.4492
3523.0,74.7,1.2824
3524.0,28.2,1.697
3525.0,55.006177341758786,0.8909335584081366
3526.0,36.9,0.9271
3527.0,79.2,1.4398
3528.0,34.8,1.1152
3529.0,28.8,0.9475
3530.0,37.8,1.1077
3531.0,66.9,1.1691
3532.0,58.4,0.9501
3533.0,22.8,0.8219
3534.0,54.6,0.4682
3535.0,33.4,1.59
3536.0,60.9,1.5322
3537.0,77.7,0.9203
3538.0,70.2,1.0221
3539.0,34.0,1.0149
3540.0,43.0,1.4808
3541.0,59.4,1.6753
3542.0,42.8,1.0298
3543.0,31.7,0.4613
3544.0,78.5,0.803
3545.0,51.1,1.124
3546.0,52.0,0.8878
3547.0,50.8,0.452
3548.0,28.1,1.1544
3549.0,61.6,0.4829
3550.0,30.5,0.9722
3551.0,38.1,1.1838
3552.0,69.8,1.2853
3553.0,39.6,0.5372
3554.0,62.2,0.6362
3555.0,66.55013029020796,0.6217401257860824
3556.0,75.0,0.8799
3557.0,31.0,1.111
3558.0,37.3,1.4291
3559.0,68.8,1.0505
3560.0,70.5,0.8581
3561.0,76.3,1.3902
3562.0,31.91827144486043,1.429320423652245
3563.0,77.0,0.9018
3564.0,74.5,1.4781
3565.0,56.6,1.4851
3566.0,38.1,0.8511
3567.0,54.4,1.9705
3568.0,22.6,1.1658
3569.0,20.5,0.7308
3570.0,39.4,1.8982
3571.0,76.6,1.3334
3572.0,49.1,1.423
3573.0,41.5,0.7483
3574.0,51.8,0.8816
3575.0,38.4,1.1503
3576.0,62.5,0.5191
3577.0,50.8,0.9442
3578.0,47.2,1.1043
3579.0,21.3,0.8054
3580.0,51.9,0.9535
3581.0,65.3,1.5321
3582.0,54.4,0.8701
3583.0,41.0,1.1786
3584.0,51.9,0.9535
3585.0,62.0,0.5811
3586.0,35.0,0.6372
3587.0,36.1,1.3425
3588.0,47.5,1.539
3589.0,64.5,0.7554
3590.0,46.7,0.5191
3591.0,31.91827144486043,1.0255302747191637
3592.0,44.7,1.1451
3593.0,34.3,1.002
3594.0,57.3,0.4661
3595.0,51.9,1.2261
3596.0,59.2,0.7455
3597.0,47.5,1.539
3598.0,46.3,0.9394
3599.0,66.9,1.2631
3600.0,61.9,0.8442
3601.0,55.3,1.733
3602.0,62.7,0.7813
3603.0,68.0,0.9547
3604.0,18.2,0.2908
3605.0,68.3,1.3289
3606.0,29.1,0.5773
3607.0,26.6,1.192
3608.0,46.9,0.3658
3609.0,67.4,0.6537
3610.0,36.7,1.4502
3611.0,54.3,0.8757
3612.0,49.2342008675342,1.2274253491857043
3613.0,36.6,1.332
3614.0,80.4,0.8861
3615.0,28.6,0.6357
3616.0,66.55013029020796,1.0255302747191637
3617.0,67.1,0.7411
3618.0,33.6,0.8913
3619.0,49.0,1.0505
3620.0,71.0,1.4807
3621.0,59.4,0.5502
3622.0,58.0,1.0197
3623.0,47.6,0.9465
3624.0,80.7,0.7219
3625.0,32.2,0.7526
3626.0,59.0,0.4807
3627.0,46.6,1.1991
3628.0,49.5,1.052
3629.0,38.4,0.5066
3630.0,49.9,0.8394
3631.0,42.7,1.5754
3632.0,68.9,0.4878
3633.0,84.5,0.7822
3634.0,39.4,0.832
3635.0,38.2,0.8327
3636.0,34.9,2.0578
3637.0,75.7,1.0693
3638.0,32.6,1.0203
3639.0,36.7,1.4543
3640.0,57.3,0.7501
3641.0,64.3,0.5697
3642.0,78.8,1.5855
3643.0,63.9,1.7957
3644.0,81.3,0.7568
3645.0,50.6,1.4892
3646.0,77.2,1.8204
3647.0,57.6,0.8941
3648.0,84.3,0.6617
3649.0,49.2342008675342,1.429320423652245
3650.0,64.2,0.4859
3651.0,66.1,0.601
3652.0,55.2,0.6225
3653.0,54.8,0.996
3654.0,65.6,1.7355
3655.0,65.0,1.0766
3656.0,61.9,0.7631
3657.0,58.9,0.8537
3658.0,32.8,1.2776
3659.0,38.844643213929935,0.9447722449325475
3660.0,59.1,0.774
3661.0,31.2,0.6611
3662.0,47.2,0.4975
3663.0,44.3,0.8294
3664.0,47.9,1.2178
3665.0,25.7,0.7519
3666.0,47.4,1.6809
3667.0,46.3,1.5768
3668.0,66.9,1.2926
3669.0,73.9,0.9502
3670.0,55.006177341758786,1.1601269910301908
3671.0,45.0,0.5114
3672.0,50.4,1.5363
3673.0,68.1,1.5139
3674.0,45.8,0.9855
3675.0,40.57623615619732,1.429320423652245
3676.0,40.7,1.5002
3677.0,34.9,0.9004
3678.0,67.4,1.5832
3679.0,64.1,0.8182
3680.0,40.1,1.2822
3681.0,55.2,0.6225
3682.0,56.4,1.7447
3683.0,80.7,1.1199
3684.0,52.6,0.5074
3685.0,9.9,0.3754
3686.0,71.9,0.7575
3687.0,39.4,1.5147
3688.0,20.8,0.7599
3689.0,31.5,1.6675
3690.0,65.1,0.5547
3691.0,50.1,0.6519
3692.0,83.7,1.1278
3693.0,56.6,0.5528
3694.0,57.3,1.7822
3695.0,57.3,0.8269
3696.0,70.1,0.9503
3697.0,28.6,1.5393
3698.0,79.8,0.8778
3699.0,76.7,0.722
3700.0,69.3,0.7201
3701.0,53.6,0.8169
3702.0,50.8,0.4234
3703.0,71.9,0.7575
3704.0,76.9,1.4051
3705.0,61.7,0.5926
3706.0,36.6,0.5314
3707.0,18.0,1.0945
3708.0,73.9,0.8576
3709.0,33.9,1.4257
3710.0,65.6,1.4039
3711.0,24.4,1.232
3712.0,74.2,0.9117
3713.0,20.8,0.6959
3714.0,14.0,0.4495
3715.0,41.3,0.4888
3716.0,35.6,1.4383
3717.0,22.7,1.041
3718.0,35.4,1.4426
3719.0,48.0,1.2086
3720.0,45.9,1.0242
3721.0,36.8,0.3566
3722.0,61.0,1.054
3723.0,27.2,1.4404
3724.0,76.8,1.8881
3725.0,47.2,1.1043
3726.0,56.5,1.1375
3727.0,51.9,0.9059
3728.0,64.4,1.835
3729.0,20.5,0.9699
3730.0,28.1,0.7067
3731.0,48.3,1.2034
3732.0,48.0,0.3835
3733.0,71.0,1.2032
3734.0,65.8,1.1028
3735.0,62.2,0.851
3736.0,48.1,1.2259
3737.0,74.0,0.9176
3738.0,55.5,0.7711
3739.0,75.0,0.739
3740.0,31.91827144486043,0.6217401257860824
3741.0,68.0,0.9547
3742.0,68.1,1.0441
3743.0,71.9,0.8202
